0,1
0,[6649 6648 2249 2250 2251 6644 6643 6642 6640 5159]
1,[3684 1470 1469 1468 3688 2498 8381 8382 3708 3682]
2,[9934  727  711 9744 9806 9759 7671 7668 8161 1970]
3,[1832 3530 1787 1193 1434 1495 1554 1442 3465 3054]
4,[3655 3078 8416 3481 8363 3776 3618 6890 6725 3694]
5,[ 5070  5069  5068  5067  5059  5057  5056  5055  5071 10319]
6,[ 2329  6940  6945  6946  6947  6950  6959  2310  8399 10319]
7,[ 4961  4960  4958  4955  4952  4944  4942  4941  4964 10319]
8,[4935 4985 4970 4965 4950 4943 4942 4940 4977 5159]
9,[1834 1833 1831 5776 3297 7887 5772 5768 5767 5159]
10,[ 2177  2178  2180  6225  6224  2183  6221  6219  2175 10319]
11,[ 388 1004  602  648  812  600  945 1053  947  990]
12,[279 277 169 274 161 268 240 241 254 608]
13,[9617 4420 1038  323  755  488  756 1037  563  972]
14,[8087 7980 7826 4697 8007 5277 5084 8010 7626 2785]
15,[ 6386  6385  6383  2094  2095  2097  6373  6371  2085 10319]
16,[ 4627  4626  4625  4624  4623  4622  4621  4620  4633 10319]
17,[6637 6775 7106 1310 7213 7182 1900 4933 6862 7257]
18,[710 848 865 437 689 601 927 925 723 607]
19,[6214 2183 6212 6211 6210 6209 6208 6207 6283 5159]
20,[ 736  389  843 1004  990  947  162  600  945 1053]
21,[ 9643 10303  8310  8178 10116  8187  9894  1370  1475  7665]
22,[8401 8402 5906 1520 1519 8409 1516 5899 8416 4619]
23,[7599 8376 9738 7440 6160 3724  433  238 3722 8036]
24,[211 259 260 274 277 279 241 600 945 762]
25,[ 4232  4231  4230  4227  4223  4220  4216  4215  4211 10319]
26,[ 3962  4017  4019  4020  4021  4022  4024  4027  4018 10319]
27,[1550 1919 9961 1404 4646 9514 4937 9433 9549 5392]
28,[1680 6926 5271 6862 4900 5457 4204 7387 9143 4681]
29,[4862 4871 1210 4778 3593 1805 1495 1486 1442 1554]
30,[ 5936  5935  5934  5933  5931  1971  1973  5926  1968 10319]
31,[ 8054  1467  1466  1465  1464  8059  1463  1462  5346 10319]
32,[7255 2220 2219 2218 2217 2216 7261 7269 7240 7358]
33,[ 899  926 1054  564  880  863  526  671  369  307]
34,[ 8043  1462  3596  8051  5322  8054  3599  3601  1447 10319]
35,[ 4693  4692  4691  4687  4686  4685  4684  4675  4697 10319]
36,[7657 7769 1287  625  839  945  600  332  812  947]
37,[ 5119  5123  5125  5127  5131  5132  5135  5136  5101 10319]
38,[ 3272  3280  3770 10039  9869  9975  3445  3484  3482 10004]
39,[ 9364  8369  5598  9926 10255 10110  9631 10048 10097 10038]
40,[ 8040  8043  5330  5329  8051  5322  8054  1447  3596 10319]
41,[268 257 242 249 234 279 608 211 254 274]
42,[ 2187  2188  6640  6639  2189  2192  6634  2193  7000 10319]
43,[6346 6341 6336 6335 2234 6330 6329 6328 2220 5159]
44,[ 736  203 6904  343  755  716 6889 6824 4124 5644]
45,[ 4439  4437  4436  4434  4433  4432  4431  4430  4167 10319]
46,[6578 6985 7380 7047 7340 7219 6920 6634 6959 6994]
47,[ 4844  4841  4835  4834  4833  4832  4831  4830  4845 10319]
48,[ 4937  4932  4931  4930  4929  4927  4924  4920  4917 10319]
49,[275 770 435 631 243 880 564 404 587 744]
50,[6391 6388 6387 2133 6385 2134 6383 2135 6392 5159]
51,[3789 2106 2316 2301 1607 2253 1708 5471 5582 5424]
52,[ 3123  5496  5497  5498  5499  3124  3125  6437  3917 10319]
53,[4711 4709 4708 4705 4704 4703 4700 4699 4716 5159]
54,[4986 5575 1854 1783 1605 2010 1483 1859 1564 1641]
55,[1712 1800 1086 1555 1145 1653 1759 1556 1937 8808]
56,[ 5666  5670  8520  8521  8522  8523  8524  8527  8519 10319]
57,[ 649 9019 8736  246  240  183  161  259  334  260]
58,[ 1792  9761  9470  7885 10317  9403  9386  3882  7728  9411]
59,[ 7019  7021  7025  7027  7029  7031  7032  7034  7011 10319]
60,[10239  9489  7708  9789  9479  9514  9549  9725  9433  8092]
61,[ 787 1571 1407  625 6429  508  651  714  306  742]
62,[ 227  916 1017  622  770 1039  537  744  587  880]
63,[3372 3506 3563 3605 2979 3120 2985 3127 3004 1082]
64,[2250 2251 6655 6653 6652 6651 6650 6649 6644 5159]
65,[7900 7987 5511 5407 8153 8384 5495 9763 4383 1575]
66,[ 2032  5952  5951  5950  5949  5948  5947  5946  5955 10319]
67,[791 475 733 390 657 465 864 778 346 700]
68,[3519 3704 3600 3394 6889 3566 1461 1469 1532 1392]
69,[842 339 480 282 439 221 442 179 156 148]
70,[608 241 249 254 257 279 259 260 211 578]
71,[ 2087  2085  2084  7625  2078  7631  7632  7633  2094 10319]
72,[ 8059  5329  1447  5322  3612  3616  8076  3618  1471 10319]
73,[ 5925  5924  5923  5922  5921  5920  5919  2032  5928 10319]
74,[6651 6650 6649 6648 2249 2250 2251 6644 6642 5159]
75,[1712 2000 1047  563  992  972  819  899  790 1287]
76,[ 821  595 1045  750 5210  826 3487 1256 3428 5238]
77,[2178 6216 6214 2180 6212 6211 6210 6209 6287 5159]
78,[ 2094  2087  2085  2084  7625  7631  7632  7633  2074 10319]
79,[9483 9417 7714 8216 9621 9654 8167 8233 8383 4200]
80,[7014 3302 3534 2667 9319 7366 3689 9194 6878 3078]
81,[442 148 179 156 221 480 720 618 762 941]
82,[1187 1241 1416 1101 1783 1105 1745 1639 1897 1829]
83,[ 4807  4806  4805  4804  4803  4802  4801  4800  4798 10319]
84,[9540 9690 9628 9537 1495 1442 1554 1468 1486 4402]
85,[7992 8116 7504 8151 7939 7545 8364 7708  405 8092]
86,[1335 7140 1491 1950 2015 1317 1812 1717 6767 6739]
87,[  57   82  695   38  826  595 5210  750   41   80]
88,[6637 6636 6635 6633 6632 6630 6629 6628 6625 5159]
89,[1784 1378 1225 1133 1073 1638 7733 1672 1112 5009]
90,[ 5223  5224  5226  5227  5228  5229  5230  5232  5192 10319]
91,[8225 7450 7508 7698 8142 7647 8268 7687 7924 7507]
92,[7930 1711 1709 1708 7938 7939 1705 1704 7925 3471]
93,[ 9643  9632   625   939   947   945   600   587   744 10021]
94,[ 4439  4437  4436  4434  4433  4432  4431  4430  4560 10319]
95,[766 590 601 607 689 688 482 681 705 723]
96,[6668 6826 8302 8517 8009 8231 7706 7677 8186 8011]
97,[8298 7821 8316 7939 8254 7900 7987 7925 7965 2191]
98,[8409 9296 1885 1941 1459 1251 1207 1458 1780 1095]
99,[7806 7665 7734 7629 7652 5955 7769 7657 8104 7880]
100,[7443 7781 7744 8339 1605 8165 7469  539 5348 5391]
101,[234 242 211 257 260 259 249 183 161 268]
102,[ 258  476  569  331  622  796  435  960  631 1002]
103,[ 5956  5955  5954  5952  5951  5950  5949  5948  1839 10319]
104,[6875 3477 6710 3720 5224 2924 5087 5380 5275 3076]
105,[ 958 2865 3181 3180 4135 2652 3519 2326 3371 2274]
106,[2262 6789 6786 6785 6783 6777 6776 6775 6787 5159]
107,[1002 1058  225  420  259  240  161  169  183  260]
108,[ 6995  6996  6997  6998  6999  7000  7001  7002  6985 10319]
109,[9469 8248 7871 7682 2519 6962  283  466  576 8118]
110,[7576 8116 7545 1017 7992 1068  478 8364 7708 7820]
111,[7985 7986 7987 7988 5578 3444 7992 3452 7982 1412]
112,[6767 1787 7140 1075 1117 7022 1077 1492 5559 5473]
113,[8232 7761 7891 7563 8236 8321 7582 7895 7683 7971]
114,[1251 1357 1509 1221 1510 1229 1855 1488 2025 2014]
115,[ 992  174  602  770 1054  564  926  863  880  939]
116,[ 2124  2123  7600  2104  2094  7625  2087  2085  7631 10319]
117,[ 2187  2188  2189  6634  2192  2193  2194  2195  6998 10319]
118,[3024 2923 3506 3765 3204 3708 3120 3372 7709 8167]
119,[ 508  332  651  945  812  884 1022  423  990  947]
120,[6584 2364 2365 2367 2368 2369 6577 6576 6572 5159]
121,[3371 8826 6157 7864 4928 3079 3478 7386 4148 2263]
122,[ 7225  7228  7229  2104  7235  2097  2095  2094  7212 10319]
123,[8459 7321 7136 2803  592 1350  707  599  642  674]
124,[1301 1488 1124 1227 1855 1509 1700 1606 1104 2026]
125,[ 5092  5091  5090  5089  5088  5087  5086  5084  5093 10319]
126,[ 736  913 3024 3120 3563 3765 2181 3709 9603 9619]
127,[ 3596  8054  5322  1447  3599  8059  3601  1436  8028 10319]
128,[5088 5325 8538 5912 8901 8493 5721 1920 8600 7935]
129,[ 4762  4758  4747  4746  4745  4744  4742  4740  4765 10319]
130,[8393 8015 2530 2623  243  631 1002  435  539 4180]
131,[ 6651  6666  2293  6659  2296  2299  6654  2300  2291 10319]
132,[  442 10036  9922   339   720   762   618  9410  9891  9941]
133,[3414 7888 1836 7890 7891 3415 7893 3416 7884 5159]
134,[ 2184  6831  6828  6826  6825  6823  2194  2195  6830 10319]
135,[1538 1900 1984 1770 5996 9106 1750 1622 9051 1581]
136,[ 705  607  763  689  766  601  681  738  723 3465]
137,[450 362 471 348 631 384 540 576 466 283]
138,[7966 7967 1653 3370 3371 7973 7974 7975 1656 4361]
139,[7287 7056 7712 7677 8186 7988 7957 8011 7573 1473]
140,[483 445 658 938 566 198 583 586 701 639]
141,[ 437  927  520  925  577 1532 1469 1760 1158 3005]
142,[608 211 254 257 268 295 274 279 249 228]
143,[9061 8973 9297 2890  335  672  860  749 8871 8602]
144,[ 2078  7625  2074  2072  7631  7632  7633  2066  7661 10319]
145,[ 6235  6234  6232  6231  6230  6229  6227  6226  2088 10319]
146,[8700 3642 6317 6318 1484 8691 1486 1490 9546 5159]
147,[1855 4245  566  198  701  586 5228 5407 5540 5511]
148,[ 4832  4831  4830  4829  4826  4822  4810  4809  4852 10319]
149,[ 234  240  649  564  863  926 1054  563  790  972]
150,[5957 1151 1300 1290  185 1307 1310 2642 1972 1595]
151,[ 2104  7600  2094  2087  2085  2084  7625  2078  7631 10319]
152,[ 595 5210  649  599  711  241  161  183  240  169]
153,[7053 2298 7055 7056 2296 2293 7062 7063 7066 5159]
154,[7708 5003 5108 5219 5206 5178 5029 7820 3382 3005]
155,[ 7229  2104  7235  2097  2095  2094  2088  2087  7219 10319]
156,[9982 9924 8449 9921 9723 9556 9510 1900 1117 1075]
157,[ 1708  5009  7468  7469  7470  1706  7472  1705  7517 10319]
158,[7734 7665 8253 8522 2126 7001 2890 8502 8771 9242]
159,[ 4811  4810  4809  4808  4807  4806  4805  4804  4802 10319]
160,[ 4932  4931  4930  4929  4928  4927  4924  4919  4938 10319]
161,[9865 9762 9458 7841 3557 9815 9365 9635 9120 9970]
162,[ 2222  1828  2021  9606  9744  9734  9732 10033  9952  1970]
163,[7982 7983 7984 7985 7986 5630 1804 7989 5645 7407]
164,[1061  692 1067  993  991 1000  918  922  851  539]
165,[ 5095  5094  5093  5092  5091  5090  5089  5088  5096 10319]
166,[ 5125  5127  5131  5132  5135  5136  5137  5138  5103 10319]
167,[ 7549  7550  7552  1627  1626  1625  1622  1621  3409 10319]
168,[6336 6335 2236 2238 6330 6329 6328 6327 2234 5159]
169,[7939 7708 6994 6718 7545 8027 8364 1088 6634 6889]
170,[ 9638  9512 10070  1970  6570 10045  5337 10166  8885  2645]
171,[ 9386  9579 10303 10262 10264  9448  9807 10190 10049  9663]
172,[8362 9221 7858 7500 9217 8192 7284 8751 6854 6787]
173,[723 710 763 766 689 601 681 738 599 483]
174,[7708 7925 7585 8400 8253 7963 7965 7269 7001 3531]
175,[ 5949  8484  3491  9403  3398  9411  9386  3452 10317  7292]
176,[1651 4898 5006 4806 4856 4887 4803 4711 4699 4700]
177,[8531 1654 6527 3114 3226 2001 3619 5779 6077 8517]
178,[6750 6792 6789 6787 6786 6785 2272 6783 6790 1995]
179,[860 791 413 540 384 421 425 492 622 476]
180,[6293 6291 6289 6287 6286 6285 6284 6283 6294 5159]
181,[240 234 211 249 241 658 445 537 404 584]
182,[7284 6210 4970 7204 2915 2529 2500 2535 3397 3382]
183,[7363 6799 7282 6764 2201 6821 6841 7392 6577 6700]
184,[8212 8298 9821 9576 9779 9483 7909 9526 8167 7709]
185,[ 8084  1541  1540  1539  3720  1537  1536  3721  3711 10319]
186,[2483 7724 2176 2203 7710 8088  667  423 7475 7741]
187,[ 7228  7229  2107  2104  7235  2097  2095  2094  7212 10319]
188,[1972 8874 9511 6705 7529 7984 4684 9440 9519 9407]
189,[8310 9304 8535 8417 9187 8524 8207 9248 8484 7665]
190,[ 2193  2194  2195  6640  6639  6634  2202  2203  5832 10319]
191,[ 389  286  458  891 1012  965  604  300  365  387]
192,[ 469 8310 2385 8068  560 8318 2831 2813 2615 2849]
193,[7712 8186 8011 7573 1392 1532 1469 6765 6739 7417]
194,[8520 1348 8508 8510 8515 8516 8517 5670 1347 4579]
195,[ 8118  8119  8120  8121  8980  8979  8978  8977  5340 10319]
196,[ 4855 10223  7682  7900  7987  1491  7965  8248  4944  2519]
197,[ 5330  8043  5329  8051  5322  8054  1447  8059  3599 10319]
198,[ 7228  7229  2107  2104  7235  2097  2095  2094  7212 10319]
199,[ 4309  4306  4305  4304  4303  4302  4301  4300  4317 10319]
200,[2348 1784 4673 1073 1208 5120 1900 1104 6533 3428]
201,[ 681  607  689  766  763 5535  376  586  364  427]
202,[7502 7503 7504 7505 7506 7507 7508 1807 5134 5159]
203,[ 2078  2074  2072  7625  2066  2065  7631  7632  2038 10319]
204,[  540  9922 10036  9617  9827  1037   275   578   880   564]
205,[1317 5489 2924 4926 6006 5376 5145 3076 4938 5108]
206,[8454 5097 5354 4042 4274 2035 4243 4853 5098 4546]
207,[7246 9291 4330 7124 7258 7056 6705 7427 2785 2822]
208,[6700 7277 7706 6962 7392 6841 8646 6995 7537 7558]
209,[ 653  514  851 1017  543 1068 1051  478 1716 1567]
210,[3208 5205 5204 7476 7477 5203 3211 3212 7465 3992]
211,[ 667  625  939  423  947 6872 2529 2535  945  600]
212,[2865 3227 3180 2489 2326 2612 2652 1475 1370 1373]
213,[ 9932  9699 10068  1495  1554  1486  1578  4862  1210  4871]
214,[2263 6793 6790 6789 6787 6786 6785 6783 6792 5159]
215,[ 5125  5127  5131  5132  5135  5136  5137  5138  5103 10319]
216,[1520 1519 3561 8409 1516 3562 5899 1511 8417 4620]
217,[ 6435  6434  6433  6432  2069  2070  2071  2072  6459 10319]
218,[ 5075  5072  5071  5070  5069  5068  5067  5059  5076 10319]
219,[ 9738  9647 10042 10116  8036  7804  9894  3399  9478  3795]
220,[7687 7712 8287 7778 9027 8391 8373 8886 7682 8415]
221,[ 805  399 3150  714  945 1053  508  600  651  667]
222,[5511 5540 5407  623  499  575 1760 1392 1991 1997]
223,[5069 5068 5067 5065 5061 5060 5049 5036 4970 5159]
224,[3544 3545 1728 1727 8002 8003 1726 1725 1723 4443]
225,[1174 1473 1584 4770 6933 6055 3404 5075  534 1049]
226,[7456 8138 7745 7547 8013 7568 8151 7896 9331 8364]
227,[ 863  564  948 1054  343  203  563  972  952  819]
228,[1236 4300 9551 9550 6582 4298 4297 6056 9552 3542]
229,[ 346  860  813  664  749  791  475  335 5147 1316]
230,[1389 1812 1317 1253 1110 4245 1555 1086 1937 1286]
231,[6972 6895 6893 2247 6890 6887 6886 6879 2246 5159]
232,[7937 7213 7629 7668 7671 7880 7888 7739 6755 7627]
233,[10228  9491 10192  9452  9801  9969 10159 10148  8369 10109]
234,[3357 3023 3280 3445 3482 3430 3514 3192 3484 3254]
235,[2193 2192 2189 2188 7636 7637 7638 2187 2197 2299]
236,[ 2174  6214  6213  2175  2177  2178  2180  2183  6216 10319]
237,[ 860  672  791  813  749  417  475  224 1287 1211]
238,[ 2066  2065  7631  7632  7633  2038  7661  2037  7665 10319]
239,[ 5666  8519  8521  8522  8523  8524  5670  8527  8520 10319]
240,[3336 2000 5357 2195 3302 9287 2414 3078 6858 1385]
241,[ 5329  8051  5322  8054  1447  8059  3596  3599  1467 10319]
242,[5102 4915 4797 5067 4834 5408 5169 5152 5344 9065]
243,[4871 3482 3280 3519 5277 5084 5436 3427 5278 1495]
244,[1228 1258 1104 1606 1317 2000 1812 1597 1187 1363]
245,[8123 9639 6715 7257 2369 8346 6638  662 6856 8126]
246,[6632 6630 6629 6628 6626 6625 6622 2327 6619 5159]
247,[ 2301  2272  2497  2705 10242  2679  2367  2576  2421  2653]
248,[9483 4427 7752 7608 9767 9986 9417 6641 6586 2246]
249,[7838 7839 7840 7841 7842 7843 7844 7845 7847 5159]
250,[1940 1941 6012 1942 6010 6007 1945 1946 6017 5159]
251,[ 4979  4978  4972  4970  4968  4967  4966  4965  4963 10319]
252,[ 266  766  763  738  723  681  607  601  537 7462]
253,[ 6994  6995  6996  6997  6998  6999  7000  7001  6974 10319]
254,[1219 1780 1725   80 2009 1011  367  973 2015 1016]
255,[2620 1652 1880 1720 1725 1458 2009 1589 1095 1866]
256,[ 8520  1347  8510  8514  8515  8516  8517  5670  8508 10319]
257,[ 594  657  683  390  465  346  696 2134  781 1219]
258,[1419 1474 1347 2026 1901 1779 1551 1864 1463 1141]
259,[3631 7223 6968 7166 3371 3044 6990 3734 3594 3638]
260,[2652 2015 2832 1014  988  532  834  311 1317 1812]
261,[7860 1783 7745 8323 7858 8192 1605 7822 7906 7662]
262,[ 4833  4832  4831  4830  4829  4826  4822  4810  4853 10319]
263,[766 552 554 609 482 607 927 590 723 865]
264,[1718 7896 7547 8255 1621 1910 8069 8259 7819 1079]
265,[7922 7923 7924 7925 7926 7927 5669 5668 7917 5159]
266,[8381 7764 5485 8390 8055 7757 8152 7908 7651 7673]
267,[1067  634  692   33  478  436 1017  506  960  429]
268,[7163 3484 2208 1391 6631 6706 3254 3432 2529 7204]
269,[5959 5958 5957 2001 5955 5954 5952 2003 5924 5159]
270,[2199 3549 3712 7292 7370 7232 3583 3032 3738 3493]
271,[ 2097  2095  7235  2094  2088  2087  2085  2084  2104 10319]
272,[7356   92 7168 6702 6707 7078 6967 1972 7054 2181]
273,[ 6675  6684  6682  6681  6680  6679  6678  6677  6683 10319]
274,[ 4604  4603  4602  4601  4600  4599  4598  4597  4588 10319]
275,[ 9800  9460 10100  9465 10097  7130  6850  7204  2529  9497]
276,[ 7229  2107  2104  7235  2097  2095  2094  2088  7218 10319]
277,[6652 6651 6650 6649 6648 6644 6643 6642 6640 5159]
278,[1470 1079 3573 3722 3808 1468 1093  398  807  594]
279,[ 6945  6946  6947  6950  2310  6959  6962  2298  8394 10319]
280,[1902 1621  297 6801  185 1859 2010  727 1362 1699]
281,[6050 8354 8690 2161 2796 8658 5634 5610 8262  994]
282,[10317 10319  9643  9632  9582 10186 10303  9790  9647 10040]
283,[ 2085  2084  7625  2078  2074  7631  7632  7633  2066 10319]
284,[8594 9789 7140 9256 8633 7117 3618 6871 7265 7022]
285,[7584 7528 7793 3747 4160 3744 3779 6971  610  820]
286,[1514 1495 1486 9188 5856 5892 5955 1210 4778 4956]
287,[ 4565  4564  4563  4562  4561  4560  4559  4558  4555 10319]
288,[4601 4600 4599 4598 4597 4594 4593 4592 4605 5159]
289,[7344 7345 7346 2421 2420 2416 7355 7356 2465 5159]
290,[1762 1151 1280 1900 1187 2009 1784 1095 1595 1351]
291,[ 987  407 3223 7164 3221 6937  231 6651  132  701]
292,[6641 8917 8521 8978 3414 9243 8592 6977 7143 7383]
293,[723 925 710 437 689 865 609 927 738 681]
294,[7489 7519 8396 7487 7640 7913 7984 7803 7467 1792]
295,[ 4445  4444  4443  4441  4439  4437  4436  4434  4457 10319]
296,[1701 1864 1430 1098 1463 1779  203 5914  446 3834]
297,[ 3934  5496  5497  1131  5498  5499  3131  3927  3925 10319]
298,[ 5003  5145 10059  1190  5178  2035  5029  5186  2118  8099]
299,[1221 1993 1798 1475 1370 1380 1539 1564 1483 1553]
300,[ 4832  4831  4830  4829  4826  4822  4810  4809  4852 10319]
301,[ 1974  7237  1153  5778  5485  1102 10126  1499  1941  1251]
302,[ 4931  4930  4929  4927  4924  4920  4919  4917  4915 10319]
303,[7583 7584 7585 3527 4895 4894 3528 3529 1672 1313]
304,[ 4978  4972  4970  4968  4967  4966  4965  4964  4962 10319]
305,[7860 2192 7858 2193 6546 6545 1810 9597 2188 7342]
306,[4782 5046 5181 5218 5207 5133 1495 1514 1486 1442]
307,[ 5097  5096  5095  5094  5093  5092  5091  5090  5098 10319]
308,[ 5807  7652  5892  7674  3382  9495  9802  9616 10027  7713]
309,[ 4983  4982  4981  4980  4979  4978  4972  4970  4967 10319]
310,[2271 2265 7664 2264 7666 7668 7670 7671 7656 5159]
311,[1284 1810 1805 1083 4676 1469 1392 1965 1532 1461]
312,[ 672 3120 3506 3372 3708 3765 3204 9911  224 3052]
313,[6680 6679 6678 6677 6676 6675 6674 6673 2230 5159]
314,[2021 2208 1650 1222 7204 2500 2535 2529 5130 5047]
315,[3478 7864 4570 8297 6157 8996 3492  224  813  350]
316,[3448 5066 7538 5065 7540 7541 7542 7543 5073 4101]
317,[ 1116  3123  5487  3124  5489  1121  5490  1123  3936 10319]
318,[ 1466  1465  8051  1464  1463  8054  1462  3599  8029 10319]
319,[1246  855 3707 1110 1086 1555 2954 1937 1231 1286]
320,[8267 7462 7647 8138 8084 8142 8268 7687 7518 7507]
321,[ 3081  5200  6050  3080  3688  6052  3079  8297  8287 10319]
322,[ 5631  1685  1687  1688  1693  1696  5617  5615  1674 10319]
323,[1120 7893 1124 1227 1604 1670 1727 1601 1596 1084]
324,[ 5755  5754  5753  5751  5750  5749  1973  5746  1976 10319]
325,[ 623  499  575  912  913  739 1047  307  671  899]
326,[ 3782 10284  3812  3792  2644  3481  1863  3363   197   193]
327,[4733 7807 2747 4895 5066 5487 5686 5379 5386 4852]
328,[7116 6996  611 6712 3690 3383  204  861  214  367]
329,[4839 4699 5116 5289 5218 4792 4806 4856 5332 5133]
330,[ 4603  4602  4601  4600  4599  4598  4597  4589  4586 10319]
331,[ 5490  1131  3124  2260  2259  2258  3125  5496  5498 10319]
332,[8272 7735 7892 3899 8029 7651 8345 7528 7584 8675]
333,[ 8523  8510  8515  8516  8517  8519  8520  8521  8514 10319]
334,[ 6391  6389  6386  6385  6383  2094  2095  2097  6402 10319]
335,[5503  362  348  344  471  425  421  540  384  405]
336,[ 6931  6932  6933  6934  6935  2107  6942  6943  6918 10319]
337,[ 8002  7939  7504  8364  6714  9599  7708 10066  8092  9874]
338,[5715 5720 5723  887 9317 4187 4185 4184 5717 9433]
339,[ 4221  4220  4216  4215  4213  4211  4208  4207  4227 10319]
340,[ 2085  2084  2078  7625  2074  2072  7631  7632  2066 10319]
341,[2262 2251 2249 2238 7516 2234 7522 7526 2193 2280]
342,[10155  9721 10113  9861 10255  5384 10048   394   574   385]
343,[7483 7719 7661 7517 7692 8052 2539 5540 7564 3005]
344,[9148 4700 8086 7573 5408 7988 7957 8307 4725 9497]
345,[7617 2021 1393 1183 1595 7516 7597 7668 7671 7627]
346,[1701 1106 1784 1838 1527 8248 6088 1073 2519 1822]
347,[1799 5066 7538 1797 7540 7541 7542 7543 7527 8085]
348,[ 2219  2220  6157  6156  6155  6146  6145  6142  6160 10319]
349,[ 6995  6996  6997  6998  6999  7000  7001  7002  2388 10319]
350,[3465 2947 2623 2406 2474 5367 5391 7430 3054 9789]
351,[8167 7709 1014  311  834  988  532 1812 1317 8559]
352,[1435 4630 5840 1770 1355 4144  420 1058  967  858]
353,[10282  2539  2644  8646  3481  3221  3792  3778  3430  9187]
354,[5145 5108 4938 5376 5178 1760 1532 1997 1461 1469]
355,[4341 4281 6639 5046 5015 5289 5218 6889 5983 5057]
356,[ 6634  2220  6653  6652  6651  6649  6648  6640  6655 10319]
357,[ 4858  4857  4856  4855  4854  4853  4852  4851  4859 10319]
358,[9658 6768 9451 9576 9655 9831 9528 9410 7705 9891]
359,[2411 7355 7356 2410 2409 7359 7360 7361 7315 5159]
360,[ 3918  1131  5487  3917  5489  5490  5496  8771  5498 10319]
361,[ 2193  2182  6639  2186  2187  2188  2189  6634  6640 10319]
362,[2218 6671 4420 2589 7405 6809  569  377  331 3671]
363,[4747 5344 4898 4856 4806 4802 4678 5582 4834 4915]
364,[9389 5247 9503 9219 5216 5920 1500 9961 9318 8622]
365,[ 1529  1528  1527  1526  1525  8094  5275  1521  1492 10319]
366,[8055 3881 7183 7211 7668 7671 7627 7621 7888 7880]
367,[7543 7744 7997 7213 3394 6755 7657 8104 7604 8105]
368,[ 4549  4548  4547  4546  4545  4544  4543  4542  5018 10319]
369,[ 9686 10002  9366  9913  9590  9370  9647  6114  9628  9690]
370,[ 4083  4046  4048  4049  4051  4052  4053  4056  4047 10319]
371,[684 394 913 787 947 812 651 508 714 945]
372,[7581 7689 8159 2261 8316 7821 7465 7487 7471 7455]
373,[7698 1287 6707 3630 1668 1459 3466 7924  560 2954]
374,[ 570  575  912  203 8118 4985  442  148  221  156]
375,[7622 7566 2590 7457 9430 8229 7752 8048 7522 2617]
376,[7479 7480 7481 5214 7483 7484 1900 7486 7668 5159]
377,[ 4990  4989  4983  4982  4981  4980  4979  4978  4970 10319]
378,[ 4567  4566  4565  4564  4563  4562  4561  4560  4558 10319]
379,[8986 9161 1365 1255 8964 8955 8778 1430 1505 1072]
380,[ 6623  2186  6634  2188  2189  2192  2193  2194  2187 10319]
381,[1540 1812 1149 2000 1463 1474 1506 1864 1779 1855]
382,[8269 8270 1695 8273 8274 1694 6123 1689 6092 5159]
383,[ 4855  4854  4853  4852  4851  4850  4849  4848  4856 10319]
384,[1622 5670  185 1878 3096 5680  434 6016 5615 2191]
385,[9144 6395 9191 8484 5228 5540 5511 5407 2246 6631]
386,[10097  7768  7716  9963  9947  9900  8258  3025  9473  5442]
387,[ 348  540 8226 8165 7761 7799 7479 7697 7884 7769]
388,[ 9921 10226 10100  9836  9911 10221  1529   955   767   802]
389,[1594 1198 1196 1474 1463 1124 1084 2007 1864 1506]
390,[2635 3716 2765 1607 1708 6455 6328 2181 3428 1650]
391,[ 179  156  221 7423  339  720  762  618 4546 6724]
392,[3798 7140 3438 3694 3504 7291 6767 6765 6739 6725]
393,[5961 5960 5959 5958 5957 2005 5955 5954 2016 5159]
394,[7749 8192 8027 8275 8340 7928 7688 8305 7456 8303]
395,[3506 3708 3204 2923 5383  625  939  947  600  945]
396,[8267 8268 8269 8270 1698 8273 8274 3376 6096 5159]
397,[1491 7191 7624 8248 7630 6243 7194 7522 4925 4923]
398,[ 1653  4990  4989  4988  4984  7516  1645  4983  4996 10319]
399,[ 4414  4400  4397  4395  4393  4392  4389  4388  6735 10319]
400,[ 4935  4933  4932  4931  4930  4929  4927  4924  4936 10319]
401,[ 5540  5539  5538  5537  5536  5535  5534  5533  1725 10319]
402,[9156 7067 9184 9161 7115 8663 7108 8507 9261 9111]
403,[7056 2298 2296 7062 7063 2293 2292 7066 7071 5159]
404,[ 1776  9616  9409  9495 10027  1317  7705  1608 10264  1595]
405,[1750 1770 1816 3428  225  527 1581 1599 1719 1353]
406,[ 9636  9419  5307  9739  9480 10155  9815  9665 10068 10244]
407,[ 1653  4994  3280  4991  4990  4989  4988  1645  5004 10319]
408,[ 671 3227 3180 2865  574 1351 2506  912 2326 1317]
409,[ 4439  4437  4436  4434  4433  4432  4431  4430  4963 10319]
410,[1474 1467 7427 1141 1506 1120 1864  643 1124 2007]
411,[ 5219 10027  9616  9495  1472  6592  6563  7709  6586  1102]
412,[1370 1380 1539 1648 1553 1289 4968 1564 1245 1483]
413,[3512 1077 4644 3712 3704 9319 2667 9022 9194 2152]
414,[ 872 1469 1532 1461 1760  351 7830 8228 7865 7753]
415,[ 763  738  723  689  609  607  437  927  681 1289]
416,[ 3185  1343  4855  1191  3195  5619 10048  2644  2539  3148]
417,[ 2087  2085  2084  7625  2078  2074  7631  7632  2072 10319]
418,[3562 5908 5907 8409 1524 1523 5906 1520 8416 5781]
419,[5316 5029 3054 5369 4938 5206 5003 5108 5219 3465]
420,[ 4559  4558  4557  4556  4555  4552  4551  4550  4658 10319]
421,[ 2085  2084  2078  7625  2074  2072  7631  7632  2065 10319]
422,[7748 1972 9219   92 5768 7356 2737 6408 2907 2938]
423,[1780 5278 5181 5029 1385 1923 5003 5219 4728 4992]
424,[10112  9877  9528  7965  7545  8193  8269  5991  9418  9580]
425,[8362 4622 3702 7783 7965 7925 8318 7585 7874 8068]
426,[ 8521  8510  8514  8515  8516  8517  5662  8519  5664 10319]
427,[6959 7083 6920 7414 7201 6650 7224 6994 6637 7128]
428,[2303 2304 2305 2306 2307 2308 2309 2310 2311 5159]
429,[2180 6212 6211 6210 6209 6208 6207 6206 6284 5159]
430,[1516 8409 3561 3562 5899 1511 8416 8417 5896 4619]
431,[ 2283  6994  6995  6996  6997  6998  6999  7000  6963 10319]
432,[ 2314  2293  6659  2299  2300  2301  6654  6651  2296 10319]
433,[ 4937  4932  4931  4930  4929  4927  4924  4920  4917 10319]
434,[3381 1063 4883  912  905  404  490 1453 3357  426]
435,[5145 5029 6977 5178 2529 2535 2500 5003 5108 5206]
436,[5386 1361 1251 1476 1217 1357 1221 1229 4646 4937]
437,[5072 1810 7543 7544 7545 7546 7547 7548 7534 7207]
438,[ 146 4080 3779 4075 6011 4376 5133  228  229  295]
439,[ 6516  6515  6509  2359  2366  2370  2372  2373  6480 10319]
440,[260 249 334 169 268 246 608 274 277 279]
441,[2103 3600 8358  595 5210 7680 7966 7673 2949 2847]
442,[5617 5643 4980 4996 4968 4920  643 5235 5092 5014]
443,[8752 8888 7107 7246 7258 7287 8438 8490 7285 6705]
444,[ 658  445 7665 7734  198  938  586  583  701  376]
445,[2733 7249 7164 7146 2723 7124 3578 7169 2314 7163]
446,[8891 1467 1365 1474 1255 1141 1506 1864 1124 2007]
447,[1421 2004 1186 1538 1802 1201 1581 1552 1733 1986]
448,[5214 6305 7967 5961 1407 1570 1941 1409 1251 1221]
449,[ 9569 10013  5011  4734  4892  6456  5407  5511   710   577]
450,[7922 7923 7924 7925 7926 7927 5673 5672 7917 5159]
451,[1565 2929 3178 3138 3320 1901 2031 2978 2980 3587]
452,[7693 1694 7757 7538 7966 7908 7651 7680 7673 1926]
453,[3280 3261  199  173  158  293  368  329  711  727]
454,[8943 7504 7939 8807 8364 7427 7708 8092  808  867]
455,[ 8298  7361  8254  8060  8063  7471  7893  7268  8159 10027]
456,[ 5093  5092  5091  5090  5089  5088  5087  5086  5094 10319]
457,[7055 7056 2298 2296 7062 7063 2293 2292 7067 5159]
458,[ 9597  7477  9582  8354  7536  7473  8231 10302  9788  9895]
459,[7782 8210 7992 2954 1286 1937 1555 1086 5054 2957]
460,[ 6234  6232  6231  6230  6229  6227  6226  2094  6235 10319]
461,[ 812  332  945  600  839 1289  594  883  811  656]
462,[4986 5285 1228 1317 4854 9056 9242 8974 8771 5694]
463,[7007 6583 6889 6639 7146 6937 7164 6637 6651 6818]
464,[7050 7052 7053 7055 7056 2298 7062 7063 7066 5159]
465,[7190 7351 7298 3138 6775 6656 3261 3662 3806 6755]
466,[ 3561  8251  3562  8253  1348  1347  8258  2393  8248 10319]
467,[7610 7558 9994 6920 6994 6959 7978 6889  197  256]
468,[ 6930  6931  6932  6933  6934  6935  6940  6945  8394 10319]
469,[1942 9623 7879 8225 8267 2703 5035 8268 1808 7924]
470,[ 5228  5229  5230  5232  5240  5248  5253  5257  5216 10319]
471,[ 9452  9901  9443  9652 10100 10266  9460  9911  9921  9800]
472,[6856 7355 7236 6955 6617 7358 7022 2133 7052 4432]
473,[2535 2500 2529 3586 3638 3010 1390  185 7395 6591]
474,[ 257  254  249  242  241  211  234  228  169 1513]
475,[3161 3246 5089 3812 3203 3728 3337 3227 5021 5450]
476,[ 8522  8510  8514  8515  8516  8517  8519  8520  5670 10319]
477,[9410 1607 2280 1708 1455 2595 6872 2777 2529 2535]
478,[1936 1937 5813 5812 1938 1939 5809 1940 1941 5159]
479,[2721 1503 1879 4304 2216 2366 2663 2895 2507 5535]
480,[1798 1286 1653 1979 2383 1972 2253 1607 5417 1228]
481,[4690 4689 4688 4685 4684 4683 4682 4681 4698 5159]
482,[ 204  747  973  367 1461 1392 1469 1997 1532 2847]
483,[ 2195  2187  2189  6640  6639  2192  2193  6634  2188 10319]
484,[ 4929  4928  4927  4926  4925  4924  4919  4918  4932 10319]
485,[ 2104  2094  2087  2085  2084  7625  2078  7631  7633 10319]
486,[ 4470  4469  4468  4467  4464  4463  4462  4461  4580 10319]
487,[1490 3987 1941 3846 7182 7207 6738 1251 6926 7427]
488,[ 4929  4927  4924  4920  4919  4917  4916  4915  4913 10319]
489,[ 8520  1348  1347  8510  8514  8515  8516  8517  8508 10319]
490,[2617  604  965  914  891  488 1954 4432 9319 1648]
491,[1287 1852 1668 1145 1459 1458 7284 1095 1866 1780]
492,[ 322 2026 1252 1855 1509 1916 1910 1973 1488 1079]
493,[ 7228  7229  2107  7235  2104  2097  2095  2094  7212 10319]
494,[1564  947  563 3053 1158 1483  972  992  395 1118]
495,[7471 7504 7545 8257 7530 7571 8308 7708 9168 1290]
496,[ 6386  6385  6383  2097  2104  6373  6371  6370  6401 10319]
497,[9443  667 7453 7449  947  423  839  812  945  332]
498,[ 6674  6683  6681  6680  6679  6678  6677  6676  6682 10319]
499,[6849 8013 8275 7896 9827 9771 8273 8356 8362 9486]
500,[6862 1081 7182 1836 1800 2133 1133 1917 2016 1244]
501,[ 984  965  488  604 9764 6765 6739 9647 9465 8399]
502,[9474 7876 8315 2529 7204 7618 7597 7671 7668 7627]
503,[1481 1599 2173 1510 2610 2522 2765 2635 2170 2772]
504,[8198 8364 8106 3789 6426 8213 8044 8292 3485 7754]
505,[3023 8318 8319  900 5409 5408 4178  527 9752 9736]
506,[3883 3302 8539 9145 3044 3467 1586 1673 5401 5287]
507,[ 7225  7228  7229  2104  7235  2097  2095  2094  7212 10319]
508,[ 9831  1950  9922 10036  1741  1784  9410  1123  9941  9891]
509,[ 337  469 9337 6592 8278  912 8544  230  148  442]
510,[ 1683  1684  1685  1687  1688  1693  5617  5615  1672 10319]
511,[6291 6289 2240 6287 6286 6285 6284 6283 6293 5159]
512,[7745 7644 8364 8273 8362 7440 7860 7925 8318 7427]
513,[ 8520  5680  1348  8510  1347  8515  8516  8517  8508 10319]
514,[10033  9952  4777  9606  9488 10102  7632  1970  9734  7942]
515,[ 9831 10117 10049  2623  2434  2406  2848  9574  9821  8369]
516,[6956 7032 6608 7218 6616 3519 3812 3427 3432 3076]
517,[2220 2219 7255 2218 2217 2216 7261 2207 7240 7358]
518,[1196 1761 1430 4740 1463 5382 1551 1246 1855 5384]
519,[7880  939 7665 7734 7621 7627  990 7022 1123  423]
520,[6738 2186 2188 2189 2192 2193 2194 2195 2187 5159]
521,[7600 7858 8400 1783 1605 2010 7906  643 7662 1859]
522,[7627 7621 7671 7668 8161 7771 8022 4749 8036 8098]
523,[ 518  762  516  507 1172  618  806  816 4713  643]
524,[1004  625  667  939  947  990  423  945  600 1053]
525,[7734 7547 1392 1532 1469 7880 7888 7456 7751 7806]
526,[ 6006  6005  6004  6003  6002  6001  6000  5999  1919 10319]
527,[ 4829  4826  4822  4810  4809  4808  4807  4806  4804 10319]
528,[ 2065  7631  7632  7633  2038  7661  2037  2036  2027 10319]
529,[7741 8064 7751 8265 7710 7475 6427 4871 4778 8423]
530,[478 520 848 865 601 609 925 927 577 437]
531,[ 3436  3437  3438  3439  3440  3441  3442  3443  3465 10319]
532,[ 2094  2087  2085  2084  7625  2078  7631  7632  2074 10319]
533,[6754 6753 6752 2234 2236 6738 2238 2240 6698 5159]
534,[240 241 274 249 268 183 289 404 490 382]
535,[ 1705  7472  1704  1703  1702  7476  1701  1700  7365 10319]
536,[7502 7503 7504 7505 7506 7507 7508 5106 5109 8059]
537,[ 4015  4014  4013  4012  4011  4010  4009  4008  4024 10319]
538,[5492 5488 8002 8003 8004 8006 8007 8008 8010 7358]
539,[ 8520  8502  8508  8510  8514  8515  8516  8517  1347 10319]
540,[ 8054  1466  1465  1464  1463  8059  1462  3599  5344 10319]
541,[ 7034  7035  7037  2312  7047  7048  7049  2306  7025 10319]
542,[1110 1993 4983  203 1317 1812  912  394  684  574]
543,[ 5933  5932  1969  5928  5925  5924  5923  5922  6015 10319]
544,[7904 7988 8186 7712 7629 7888  240  241  183  161]
545,[1595 1888 8667 3427 3600 3782 3254 1446 1289 1245]
546,[9544 1413 4972 5412 1584 4871 4990 5122 1640 3276]
547,[ 4511  4508  4507  4506  4505  4504  4503  4502  4543 10319]
548,[ 3285  1654  1653  4984  4983  4982  4981  4980  3282 10319]
549,[6391 6388 6387 2133 6385 2134 6383 2135 6392 5159]
550,[ 2288  6994  6995  6996  6997  6998  6999  7000  6962 10319]
551,[3658 3659 8445 3661 8447 6062 3664 8452 6086    0]
552,[ 6741  6766  6764  6763  6762  6761  2139  2144  6765 10319]
553,[7113 7106  757  625  667  423  947  939  600  945]
554,[ 692  478 1318  388  685  843 1004  625  939 1053]
555,[3456 3724 3755 3808 3469 3596 3722 3646 3002 3573]
556,[ 9322  9261  8778  8780  8018  9408  9111  9791 10031  9656]
557,[8778 9124 7475 7751 7741 8088 9161 8986 2785 2822]
558,[4972 3122 3245 4443 1593 5271 4990 1500 3477 5075]
559,[2307 6736 6735 6734 2308 2309 2310 2311 6724 5159]
560,[ 7768  8284 10223  8591  9189  8701  8207  8363  9027  8594]
561,[ 6841  4245  7427  7068  6700  2535  2500  2529  9952 10033]
562,[ 6001  6000  5999  1924  5997  5996  1925  1926  6003 10319]
563,[2003 1083 2025 1346 1646 3638 1284 1997 1392 1760]
564,[ 5017  5016  5015  5014  5013  5012  5011  5010  5052 10319]
565,[8358 7528 7680 7584 7673 1941 7908 1251 1476 8030]
566,[7106 6656  643 6755  733  346  465  700  864 5657]
567,[3562 1520 1519 8409 1516 5899 5897 8416 5896 4620]
568,[6391 6388 6387 6385 6383 2129 2130 6378 6392 5159]
569,[1355 1485 1552 1976 1621 1805 1284 1810 1083 1346]
570,[6794 2230 6803 6802 2233 6800 6799 2234 6804 2016]
571,[ 4807  4806  4805  4804  4803  4802  4801  4800  4798 10319]
572,[2363 2364 2365 2367 6577 6576 2368 2369 6572 5159]
573,[7149 7151 7152 7153 7154 7155 2327 2322 2335 5159]
574,[5675 5676 5677 5678 1235 1236 5679 5681 3127 3958]
575,[ 423  947 2007 2902 2807 2813 2849  332  600 1053]
576,[ 1621  4961  4960  4959  4958  4952  7499  1608  4964 10319]
577,[4798 4831 5440 5591 5330 4733 4750 4749 4739 2505]
578,[ 6054  6053  6052  6050  2217  6047  6046  6045  6147 10319]
579,[5638 7576 8837 8836 2189 8834 8833 8832 3798 1356]
580,[10317  7858  9643  9632  7860  9407  9470  7895  9386  9420]
581,[ 7631  7632  7633  2065  7661  2038  2037  2036  2027 10319]
582,[5079  220  623  575  570 1030  599  642  469  727]
583,[ 6572  2242  6570  2243  2244  2245  6565  6563  2249 10319]
584,[8275 7913 7895 7770 8178 7441 7860 8303 8364 7467]
585,[7917 7908 7902 7893 2240 2241 2246 2247 7861 5159]
586,[7582 7529 7563 7895 7984 7640 5132 5173 5021 5450]
587,[ 5322  8051  3599  8054  3601  1447  5311  5309  8029 10319]
588,[7529 8371 7465 8307 7994 7614 7710 8308 7530 8181]
589,[ 5229  5230  5232  5240  5248  5253  5257  5263  5218 10319]
590,[ 7235  2097  2095  2094  2088  2087  2085  2084  2107 10319]
591,[10134   865   437   848   710   925   927   601   520   405]
592,[5054 6543 4622 5229 4745 4624 5084 5587 5277 5381]
593,[2413 2412 2411 2410 7355 7356 2409 2408 2451 5159]
594,[7115 8055 7108 7757 7966 3054 8358 7908 7680  377]
595,[1145 1653 9386 1759 1081 9411 1937 1556 9420 1668]
596,[ 7225  7228  7229  7235  2107  2104  2097  2095  2124 10319]
597,[9534 9997 5956 9901 8402 8399 4052 9540 9628 9537]
598,[ 2104  2094  2087  2085  2084  7625  2078  7631  7633 10319]
599,[3427 3183 3600 5241 7294 7268 3750 7222 5495 5503]
600,[3120 3563 6440 1933 2985 3056 6889 8553 3795  645]
601,[2219 2220 6341 6336 6335 6330 6329 6328 6346 5159]
602,[5267 5337 7988 7957 7573 8011 7998 9462 9497 6790]
603,[ 2094  2087  2085  2084  7625  2078  7631  7632  2074 10319]
604,[ 1131  5490  3918  3917  3125  2260  2259  5496  5498 10319]
605,[9248 7768 9258 7651 9287 9314 7584 7528 8345 9979]
606,[1720 1725 1836 7236 1668 1189 1081 1696 2016 1244]
607,[1153 1390 2424 1030  283  576  603  699  623  575]
608,[ 4555  4552  4551  4550  4549  4548  4547  4546  4506 10319]
609,[ 7990  7626 10150 10134  8307  7826  8092  5475  5589  7933]
610,[3380 3211 3041 6304 4148 3054 3239 2263 3288 2261]
611,[6398 6397 6396 6395 6394 6393 6392 6391 6399 5159]
612,[ 2094  2088  2087  2085  2084  2078  2074  2073  7229 10319]
613,[ 8493  8514  8516  8517  5670  8519  8520  8521  8515 10319]
614,[ 6676  6685  6683  6682  6681  6680  6679  6678  6684 10319]
615,[ 2194  6640  2186  2187  2188  2189  6634  2192  6639 10319]
616,[ 3936  3948  3957  3958  3960  3961  3962  3963  3949 10319]
617,[ 2065  7631  7632  7633  2038  7661  2037  2036  2027 10319]
618,[2277 6265 6592 6610 8873 6641 1041  399  458  286]
619,[7942 2181 7917 7908 7902 7893 2240 2241 2247 5159]
620,[5392 5393 5396 5398 5407 5410 5414 5415 5369 5159]
621,[ 7229  2107  7235  2104  2097  2095  2094  2088  7218 10319]
622,[ 6392  6391  6389  6386  6385  2094  6383  2095  6404 10319]
623,[7391 7212 6936 6213 7166 7141 9282 6847  626 6943]
624,[ 300  387  805 3173 3720 2924 3171 3076 1650  992]
625,[2412 7355 7356 2411 2410 7359 7360 7361 7315 5159]
626,[  734     5 10257  8756  1244  1133  1460  1081  1836  1459]
627,[ 8221  7794     2  9886  7571  8257  8232  7935 10135  9778]
628,[ 9411  9992  8484  5307 10138  9420  9386 10142  9761  8563]
629,[2335 2334 7147 7148 7149 2329 7151 7152 6563 5159]
630,[ 249  240  272  608 1486 1442 1468 1514 1554 1495]
631,[ 7963 10193  7688  7928 10302  8275  8231  9819 10195  8178]
632,[ 892  781  594  656  883  811 9433 9514 9549 9725]
633,[7500 7501 7502 7503 7504 7505 7506 7507 1760 4012]
634,[ 4322  4321  4320  4319  4318  4317  4316  4315  4330 10319]
635,[6786  344  471  348  540  384  421  425 7768 7710]
636,[ 8051  3601  8054  8059  5322  1447  3612  5311  1471 10319]
637,[1084 2007 1421 1196 1941 1141 1376 1163 1430 1221]
638,[ 2094  2088  2087  2085  2084  2078  2074  2073  7229 10319]
639,[1760 1392 1461 1991 1997 1787 1832 1325 1152 2003]
640,[8258 7860 8222 7745 7741 7618 7597 8303 8305 8265]
641,[1221 7204 6872 2529 2535 1926 1495 1486 1554 1442]
642,[2335 2334 7147 7148 7149 2329 7151 7152 6562 5159]
643,[5120 5204 5382 5453 3776 6739 6765 5235 5014 5092]
644,[7346 2416 2413 2412 2411 2410 7355 7356 7299 5159]
645,[2535 2500 2915 2529 2254 5495  829 6631  503 1035]
646,[1995 1900 1805 1225 9497 5037 5197 5272 5146 1083]
647,[2127 8030 7480 7697 3010 3110 7543 7764 8457 8165]
648,[5297 1885 1170 1694 1413 1360 2005 2015 1129 1749]
649,[4831 5680 3934 4808 5896 3662 2895 5105 3477 2807]
650,[4927 8019 8332 7677 8001 8011 9033 7577 7998 7731]
651,[8083 8295 7724 7706 7712 7800 7573 7988 5192 4713]
652,[ 5247  1196  4990 10037 10168  1430  4972 10277  1141  2007]
653,[2304 5713 5934 4885 1879 1285 1503  599  642  727]
654,[ 2078  2074  7625  2072  7631  7632  7633  2066  7661 10319]
655,[9272 5270 1816 2762 1917 9297 5229 1832 5417 1787]
656,[ 2111  9629  9420 10222  1782  4653  8667   185   297  9554]
657,[1124 2007 1084 5087 4674 5380 5275 1508 5545 1383]
658,[ 5844  5843  5842  1924  5840  1925  1926  5836  5834 10319]
659,[ 4441  4439  4437  4436  4434  4433  4432  4431  4561 10319]
660,[8400 8401 8402 1520 1519 8409 1516 5899 1511 4618]
661,[1165 3697 7940 7712 7677 8057 8132 7706 7724 7573]
662,[ 2072  7625  2066  2065  7631  7632  7633  2038  2037 10319]
663,[2009 3487 7621 7627 6202 2181 1486 1442 1495 7668]
664,[1972 1128 2005 1694 1847 1915 1716 1704 6707 7154]
665,[7117 3519 3804 3618 3427 3600 3525 3357 8832 8879]
666,[ 2104  7600  2094  2087  2085  2084  7625  2078  7631 10319]
667,[8035 8364 8044 8292 7754  590  688  601  482  661]
668,[6086 1254 1136 1247 1225 9595 1351 1379 1151 1595]
669,[7246 7272 6896 2610 2765 6754 7331 2635 7355 6955]
670,[6943 5820 2035 1196 1365 5779 1184 2007  577  601]
671,[1800 1836 1759 1725 1081 1145 1459 1287 1738 1668]
672,[1835 1834 1833 7872 7873 7874 7875 7876 7865 4310]
673,[ 4323  4322  4321  4320  4318  4317  4316  4315  4330 10319]
674,[ 4556  4555  4552  4551  4550  4549  4548  4547  4507 10319]
675,[2583 2582 2581 2576 2573 2572 6940 6941 2586    0]
676,[ 6639  6652  6649  6648  2182  2186  2187  2188  6651 10319]
677,[7599 8376 1252 2589 9623 1610 2915 7879 7804 2535]
678,[4925 1941 5673 1102 1376 1251 1221 4394 5417 1999]
679,[8192 7644 8400 7671 7668 7771 7734 7665 7627 7621]
680,[2410 7355 7356 2409 2408 7359 7360 7361 2438 5159]
681,[7593  405 2954 9933 7568 7894 7782 7482 8027 7841]
682,[   2 4604 4437 5105 4662 4041 5809 3487 6050 5634]
683,[1811 1442  500  471  511  348  540  384  421  425]
684,[1680 4900 1479 3221 2644 2539 5529 2326 1805 1083]
685,[7355 7356 2413 2412 7359 7360 7361 2411 2451 5159]
686,[1235 4300 9552 9551 9550 4298 4297 3338 6056 3542]
687,[ 6005  6004  6003  6002  6001  6000  5999  5997  1919 10319]
688,[ 575  623  570  913  912  736 5228 5511 5540 5407]
689,[7472 1830 5203 7476 7477 3211 3212 7483 1836 3988]
690,[10042  9783 10048  9727  1110  9632  9643 10021  9423  9866]
691,[7966 7693 7950 7680 7897 8358 7962 8324 7908 7673]
692,[ 1133  9435  1479  2150  2005  1595 10165  8399  9473  8006]
693,[6298 2367 6402 2507 2958 8700 6562 6235 2361 2216]
694,[3482 1380 1225 4685 5203 1805 7881  795 6724 1083]
695,[ 3917  3123  3124  3125  5496  5497  8771  5498  2260 10319]
696,[10166  9526 10097  9656  9449  3005  9638  9512  9497 10223]
697,[5468 3527 3646 3573 3722 4200 3566 3755 3724 3512]
698,[ 2072  7625  2066  2065  7631  7632  7633  2038  2037 10319]
699,[ 6161  6157  2120  2123  6151  6150  6149  6148  2111 10319]
700,[8178 8369 2519 9900 9827 7800 9179 7571 7895 7563]
701,[ 4475  4474  4473  4471  4470  4469  4468  4467  4422 10319]
702,[ 570 6872 1778 2915 2529 1030 5391 5367 2535 3427]
703,[3315 3820 6023  840  879  777  975 4124  549  829]
704,[7602 7673 6285  968 9159 6036 8765 9259 8931 8769]
705,[4502 3254 3428 2181 3427 8302 3519 3695 1970 5337]
706,[ 3742  3743  3744  3746  3747  3748  3749  3752  3507 10319]
707,[9447 9961 9422 9514 9373 9415 1055  729 9383 9549]
708,[7576 7787 6168 7483 9751 9415 9706 9620 7692 7517]
709,[ 6392  6391  2095  6389  2097  6386  6385  6383  6406 10319]
710,[ 8193 10110 10117  8675  9740 10255  8369  9631 10097  9423]
711,[9549 9433 8616 9447  733  700  465  346 7928 7528]
712,[ 8527  8516  5670  8519  8520  8521  8522  8523  8517 10319]
713,[ 9557  9503  9900 10261 10002  9371  9790  9921  9911  9561]
714,[ 8054  1462  3599  3601  8059  5330  5329  1447  1476 10319]
715,[2362 2363 2364 2365 6577 6576 2367 6573 2368 5159]
716,[ 4907  4906  4905  4904  4903  4899  4898  4892  4910 10319]
717,[ 4151  4149  4148  4146  4145  4144  4143  4142  4163 10319]
718,[ 949 4223 4283 3381 3392 3056 2852 2762 2517 2844]
719,[ 4526  4525  4523  4522  4520  4519  4518  4516  4460 10319]
720,[8298 8063 7481 7566 2017 3724 3755 5807 7620 9194]
721,[1225 3171 9231 8417 4330 3477 3716 1568 7427 3245]
722,[1632 1317 1110 1812 1703 1833 1228 1923 1527 1537]
723,[2208 2207 7347 2205 7350 2204 7353 7354 2216 7377]
724,[5915 2612 2652 3525 5732 3454 5701 6007 6369 4658]
725,[7549 7551 7552 7553 7554 7555 7556 7557 1873    0]
726,[3485  821  595 1045 5210  695 4635  206 3727 3288]
727,[ 6004  6003  6002  6001  6000  5999  1924  5997  6006 10319]
728,[7988 5581 3444 5579 7992 5578 3452 8004 7985 2143]
729,[ 3436  3437  3438  3439  3440  3441  3442  3443  3465 10319]
730,[7860 1805 7858 2192 2193 8271 9597 9598 5518 6322]
731,[6652 6651 6650 6649 6648 2249 2250 2251 6643 5159]
732,[7563 7895 7485  465  778  733  700 8178 7571 7885]
733,[ 647 6639  797  407  962  837 7390 7150  866  440]
734,[3002 3722 3596 3527 5255 5272 5173 5021 5132 4747]
735,[1698 8267 8268 8269 8270 8273 8274 1695 8316 5159]
736,[ 4305  4304  4303  4302  4299  4296  4295  4294  4314 10319]
737,[1636  270  434  177 2012 1576 5087 5380 5275 1498]
738,[ 2157  6763  6761  2139  2144  2145  6741  6739  6762 10319]
739,[ 4831  4830  4829  4826  4822  4810  4809  4808  4851 10319]
740,[ 4937  1629  1627  1626  1625  3418  7562  7563  1634 10319]
741,[2217 2216 7255 7261 2207 2205 2204 2203 7248 7357]
742,[5299 5318 5316 5315 5314 5313 5312 5310 5317 5159]
743,[ 3934  5496  5497  1131  5498  5499  3131  3927  3925 10319]
744,[ 954 1450 4300 6216 5616 1157 1235 5658 4592 6321]
745,[9243 8592 8295 2772  770  578 3382 3385  948  961]
746,[3155 2489  825 3818 6564 4589  806 1503 4328 4200]
747,[1217 1251 1357 1852 1378 1725 1229 1367 1668 7709]
748,[ 5490  1131  3918  3917  5496  5497  5498  5499  3124 10319]
749,[7522 7523 7526 5603 3900 8850 2329 7529 7508 8609]
750,[ 4281  4280  4279  4278  4277  4276  4275  4271  4288 10319]
751,[7355 7356 2413 7359 7360 7361 7362 2412 2451 5159]
752,[1228 1812 6988 1173 9601 2015 2253 5471 5866 1999]
753,[1641 1539 1854 1483 8122 7722  442 4985  148 4692]
754,[7518 8268 7507 2623 2434 2848 3519 3639 5337 3432]
755,[ 6942  6943  6944  2104  6951  6952  2097  6958  6930 10319]
756,[7355 7356 2409 2408 7359 7360 7361 7362 2437 5159]
757,[ 1165  1188 10081  4684  8441  1653  1286  7757  8537  8228]
758,[ 6155  2234  6146  6145  6142  2237  2238  6139  6156 10319]
759,[2334 2329 2327 7147 7148 7149 7151 7152 8399 5159]
760,[8360 8361 8362 8363 8364 5333 8367 3788 6134 8382]
761,[ 241  279  169  211  257  608  274  268  277 9722]
762,[848 865 927 705 925 437 688 661 726 590]
763,[ 8357 10043  6599  8339  5615  6016  8108  5478  5212  7469]
764,[5774 3073 8186 6800 8001 7712 3713 3804 8898 3919]
765,[7056 2296 2293 7062 7063 2292 7066 7067 7073 5159]
766,[10233  2195  6839  2628  1149  1679  2427  2000  8307  7990]
767,[ 5119  5123  5125  5127  5131  5132  5135  5136  5101 10319]
768,[4690 4689 4688 4685 4684 4683 4682 4681 4697 5159]
769,[ 5093  5092  5091  5090  5089  5088  5087  5086  5094 10319]
770,[ 2065  7631  7632  7633  2038  7661  2037  2036  2027 10319]
771,[1855 2026 1510 1488 1621 1434 1079 1509 1284 2025]
772,[5457 4734 5468 4990 9241 4681 8361 3426 3784 3647]
773,[ 8521  8510  5664  8514  8515  8516  8517  8519  5666 10319]
774,[3020 2432 3727 3335 3377 3375 3139 3534 3696 3101]
775,[ 2094  2087  2085  2084  7625  2078  7631  7632  2074 10319]
776,[3561 8409 1516 3562 5899 5897 1511 8416 5896 4619]
777,[2421 2420 7366 7368 7369 7370 7371 7372 7221 5159]
778,[2176 9564 6950 3347 9567 4276 9569 3024 9554 8578]
779,[ 9933  8307  9922 10036  9986  9767  9418  9580  9877  7583]
780,[ 2104  2094  2087  2085  2084  7625  2078  7631  7633 10319]
781,[1098 1275 1141 1506 1320 1827 8367 1864 1779 1319]
782,[ 1489  1837 10276  1369  1940  1567  1766  1368  1704  7121]
783,[8812 7479 7977 8258 9017 2015 7449 5748 7924 7507]
784,[  92    2 1972 1310 1290 5669 2348 2239 3487 2181]
785,[8600 9050 8484 8616 5355 4705 5382 5021 5146 5132]
786,[6392 6391 6388 6387 6385 6383 2129 2130 6393 5159]
787,[ 4443  4441  4439  4437  4436  4434  4433  4432  4562 10319]
788,[ 4010  4009  8121  7686  1641  3062  7685  8980  7322 10319]
789,[ 2145  6767  6765  6764  6763  6762  6761  2139  6766 10319]
790,[ 5532  1717  1718  1719  1720  5527  5526  5525  5536 10319]
791,[4702 2000 1350 2723 3578 3015 6897 4437 7207 6926]
792,[2407 6670 2408 2409 2410 2411 2412 2413 6661 5159]
793,[1940 1694 1421 1847 1926 1207 1941 1336 1251 1221]
794,[ 6394  6392  6391  6389  2094  2095  6386  6385  2088 10319]
795,[1727 1604 1574 1991 1461 1392 1997 1532 1760 1596]
796,[2220 6346 6341 2234 2236 6336 6335 2238 2219 5159]
797,[1591 1766 1523 1694 1940 2009 1880 1671 1504 1368]
798,[7805 7753 7830 8106 5457 7605 4993 8057 8081 8132]
799,[6020 6019 6018 6017 6015 1945 1946 6012 6022 5159]
800,[8575 6595 8668 6586 6950 6854 5543 8803 9221 8751]
801,[ 3720  2635  9142  2522  8608  4052  3076  9941  9922 10036]
802,[ 7222  1253  3485  3054  7294  9569 10013  3530  1231  1653]
803,[ 4829  4826  4822  4810  4809  4808  4807  4806  4804 10319]
804,[8270 3376 1695 8273 8274 1694 1689 6123 6189 5159]
805,[ 2195  6640  6639  6634  2202  2203  6623  2216  6994 10319]
806,[10168 10250 10044 10081  9878  5575  3184 10101  9864  1039]
807,[1835 1633 7712 7682 9322 7854 8081 8231 7706 3492]
808,[8381 3432 7997 6749 8168 3162 5084 5277 1041  904]
809,[ 4156  4155  4153  4151  4149  4148  4146  4145  4166 10319]
810,[7689 8159 7544 6905 4933 6738 7471 7455 6862 1158]
811,[656 807 883 811 594 224 335 672 791 813]
812,[7960 7961 1699 5602 5601 5600 7968 7969 5608 7342]
813,[ 3131  6437  2260  3918  3917  2259  1148  1149  2258 10319]
814,[7355   92 7359  735 6707 6967 6955 1059  988  311]
815,[ 4443  4441  4439  4437  4436  4434  4433  4432  4168 10319]
816,[  67 8010 7749 7465 7794 7971 7455 7471 1284 8159]
817,[3561 5899 1516 8409 3562 5897 5896 5895 8416 4618]
818,[8136 7657 8104 7768 7716 1759 8194 7744 8288 7498]
819,[3339 4300 9551 9550 4298 4297 6581 6056 9552 9444]
820,[10101  9864  9953  9576  9740  9779 10096  9831  9856  9451]
821,[7878 9552 9550 4298 4297 6581 6056 6582 9551 9445]
822,[ 3350  3318  1907  3463  9928 10253  9508  4676  3310  5448]
823,[7877 9552 9550 4298 4297 6581 6056 6582 9551 3541]
824,[1597 1940 1346 1910 1805 1083 1509 2025 1855 1488]
825,[7780 7821 9894 7929 8316 7563 8225 7895 7530 8269]
826,[2813 2807 2615 1206 1820 1129 4734 1130 8449 1413]
827,[3183 3482 3252 3600 3712 3280 3821 3583 3493 3483]
828,[ 3964  3963  3962  3961  3960  3958  3957  3949  3971 10319]
829,[2334 2329 7147 7148 7149 2327 7151 7152 1468 5159]
830,[2334 7147 7148 7149 2329 7151 7152 7153 6563 5159]
831,[ 8519  1347  5670  8510  8514  8515  8516  8517  8508 10319]
832,[5061 9148 8441 5053 5083 8537 7680 5169 4935 5102]
833,[ 7348  7349  7350  7351  2104  7354  7357  7358  2117 10319]
834,[1083    5 1855 1252 1910 2025 1973 1488 1079 4507]
835,[5988 8456 6111 2456 2280 6396 5161 3962 6362 6090]
836,[7629 8399 7880 7888 7627 2173 2610 2522 2635 2765]
837,[ 4211  4210  4209  4208  4207  4206  4205  4204  4223 10319]
838,[7670 7657 7884 7988 7712 7677 8186 8011 7957 7573]
839,[1836 3550 1287 1378 3618 7265 1725 1145 1668 8177]
840,[2329 2327 7147 7148 7149 7151 7152 7153 1468 5159]
841,[6345 6344 6343 6342 6341 6340 6339 6338 6347 5159]
842,[10048  9984  9913 10155  9533  9642  1039  9628  9540 10101]
843,[1486 1442 1468  332  945 1053  600 2007 1198 1269]
844,[ 8523  8514  8516  8517  1348  8519  8520  8521  8515 10319]
845,[7534 2291 8242 8243 2288 6571 7540 1056 5524 5295]
846,[ 4958  4952  3276  7499  1608  1606  1605  4944  4960 10319]
847,[3006 3414 3526 3092 3790 3283 3519 3254 4582 3560]
848,[3266 1000 7099 5130 3477 6943  602  600  648  812]
849,[4919  364  253 6553  276  676  227 4914  335  672]
850,[4583 4582 4581 4580 4576 4575 4574 4573 4587 5159]
851,[ 4457  4456  4446  4445  4444  4442  4439  4437  4434 10319]
852,[6570 4875 5223 5496 2037 1805 8675 5257 5302 4999]
853,[9783 9500 9736 9480 9782 9381 9739 9874 9443 9913]
854,[6060 9734 9380 5105 3834 9979 4205 4920 4968 4980]
855,[623 857 364 642 469 711 475 860 749 335]
856,[6943 1474 1467 1141 1506 8853 8827 1864 1124 2007]
857,[ 2220  6161  6160  6157  6156  6155  6146  6145  2219 10319]
858,[ 2097  2095  2094  2088  2087  2085  2084  2078  2104 10319]
859,[ 4841  4835  4834  4833  4832  4831  4830  4828  4844 10319]
860,[ 4960  4959  4958  1622  1621  4952  7499  3276  1629 10319]
861,[2293 7062 7063 2292 7066 7067 7071 7073 7078 5159]
862,[7922 7923 7924 7925 7926 7927 5669 5668 7917 5159]
863,[1217 1357 1229 1361 1251 1221 8786 6902 7197 6675]
864,[ 9500  9443  9736  9900  7768 10100  9911 10099  9752  9921]
865,[7056 2296 2293 7062 7063 2292 7066 7067 7073 5159]
866,[ 7328  8119  8120  8121  3062  8980  8979  8978  7322 10319]
867,[ 7228  7229  2107  7235  2104  2097  2095  2094  7212 10319]
868,[2293 7062 7063 2292 7066 7067 7071 7073 7078 5159]
869,[1413 8350 1412 3466 5409 5408 1408 8356 8358 8362]
870,[3347 7362 7361 6889 3674 6637 3713  372  657  390]
871,[1701 2895 1993 1228 1317 1812 2526 1110 2507 5346]
872,[ 696 1330 6576 6973 9591 3085 9593 2252 9596 7982]
873,[3211 1817 3219 3220 5842 1808 1807 1806 5820 5159]
874,[9861 9633 3369 5400 5438 4770 5329 4919 1854 5426]
875,[ 4809  4808  4807  4806  4805  4804  4803  4802  4800 10319]
876,[8229 9972 2612 2489 7426 5448 5184 2969 2652 2644]
877,[8991 3821 9016 1836 1917  732 1244  807  594 3483]
878,[ 4691  4687  4686  4685  4684  4675  4674  4665  4694 10319]
879,[6989 7042 6743 7195 7306 6996 3840 7551 7575 7415]
880,[2644 1651 6560 1088 7106 1153 7298 7213 1290 5417]
881,[2068 6455 4519 4661 8143 2712 2615 2770 2729 2813]
882,[7356 2413 2412 7359 7360 7361 7362 2411 7315 5159]
883,[1519 3561 3562 8409 1516 5899 5897 1511 8417 4620]
884,[1483 4681 6016 1570 1525 1571 1553 1409 5615 5099]
885,[2175 2176 6385 2177 6383 6382 6380 2179 2181 5159]
886,[ 8261  3280  1854  1564  1539  1641  1483  5247 10035  4972]
887,[2421 2420 2416 7355 7356 2413 7359 7360 2459 5159]
888,[2413 2412 7355 7356 2411 2410 7359 7360 2451 5159]
889,[ 2193  2182  6640  6639  2187  2188  2189  6634  2186 10319]
890,[ 6506  6505  2087  2088  6502  6501  2094  2095  2036 10319]
891,[6391 6388 6387 2122 6385 6383 6378 6376 6392 5159]
892,[1467 4749 1405 2007 1188 1972 1864 1165 1653 1231]
893,[9332 5761 9328 5762 9322  932 5767 8079 4192 6168]
894,[8315 8202 8136 7889 8381 7702 8313 8250 8244 8330]
895,[ 4182  4181  4180  4179  4178  4177  4176  4175  4190 10319]
896,[ 2414  2415  6052  3688  8297  6053  8299  3086  1275 10319]
897,[ 4916  4915  4914  4908  4907  4906  4905  4904  4898 10319]
898,[7504 7707 4871 4778 4956 7458 7443 7449 7453 1733]
899,[8027 7782 7935 7964 8232 8178 7971 7794 7563 7895]
900,[5073 5071 5070 5069 5068 5067 5066 5061 5077 5159]
901,[ 7485  4959  1622  1621  4958  4952  7499  3276  4964 10319]
902,[ 4519  4518  4516  4515  4514  4513  4511  4508  4455 10319]
903,[7925 7926 7927 1704 5673 5672 1698 5669 7922 5159]
904,[ 4520  4519  4518  4516  4515  4514  4513  4511  4509 10319]
905,[7142 1378 7113 1725 1145 1668 7213 7422 4124 2191]
906,[ 4931  4930  4929  4927  4924  4920  4919  4917  4915 10319]
907,[ 611 3337 2865 3227 3181 3180 2506 2326  214  204]
908,[10155 10110 10250  9973 10168  1551 10255  1246  9497  9879]
909,[6592 6641 8873 6610 6586 9209 2977 6689 6595 6020]
910,[9122 8799 6030 8485 2879 8861 9447 9479 9514 9433]
911,[4526 8259 8069 7710 2176 8088 8265 7751 7475 2203]
912,[ 5095  5094  5093  5092  5091  5090  5089  5088  5096 10319]
913,[ 5192  3080  6052  3688  6053  2425  8297  6054  6050 10319]
914,[ 2217  6651  6648  2202  2203  6640  6639  6634  6649 10319]
915,[2129 2130 6378 2133 6376 2134 2135 6373 6383 5159]
916,[ 1466  1465  8051  1464  1463  8054  1462  3599  8030 10319]
917,[6089 8337 1408 3439 3440 5409 8342 5408 3442 4313]
918,[1705 1704 7922 7923 7924 7925 7926 7927 7916 5159]
919,[3243 2989 3052 3433 3024 3708 3120 2923 3506 3372]
920,[5004 5003 5001 4999 4998 4997 4990 4989 5005 5159]
921,[1507 1394 1202 5237 1225 4705 1950 1207 1404 1940]
922,[1306 1621 1900 1225 1805 1284 1810 7427 1083 5473]
923,[6402 5812 2754 2020 1100 4394 3745 1929 2692 3513]
924,[4028 4462 3961 5429 9089 4019 9302 8522 6926 7315]
925,[8136 7830 8152 7753 7691 8381 7744 7764 8104 7657]
926,[ 2074  7625  2072  7631  7632  7633  2066  2065  7665 10319]
927,[ 8321  7571  7590  7994  8308  9511  7591 10097  7678 10265]
928,[ 5123  5125  5127  5131  5132  5135  5136  5137  5102 10319]
929,[5838 2618 3913 3969 3582 4232 3802 3736 3987 3846]
930,[ 2194  6640  2186  2187  2188  6634  2189  2192  6639 10319]
931,[1653 3366 7973 7974 7975 7977 3370 1647 7966 1356]
932,[7924 7925 7926 7927 5669 5668 5667 1698 1704 5159]
933,[ 4260  4257  4256  4254  4253  4251  4250  4249  4247 10319]
934,[3561 3562 1516 8409 5899 1511 5897 8416 5896 4619]
935,[ 2097  2095  7235  2094  2088  2087  2085  2084  2104 10319]
936,[7687 7965 2589 7923 8367 7440 6327 8010 7558 7610]
937,[6076 4303 5858 5261 1918 6237 3639 9949 1921  802]
938,[1133 1110 7161 7051 1317 1812 6976 1225 7402 7000]
939,[7915 3327 7772 3316 2604 7809 7850 7848 7514 7955]
940,[ 9766  8088  6456   480   339  1803  3695  8318 10276   487]
941,[6632 5002 4818 7410 6637  224  664  791 6806 6889]
942,[10107  3227  9869 10213  9889  5282  5386  3707  2919  2954]
943,[2716 6114 6480 3268 7117 2589 2642 8745 7160 5094]
944,[8402 1520 1519 1516 8409 5899 3561 5897 5896 4618]
945,[ 4443  4441  4439  4437  4436  4434  4433  4432  4963 10319]
946,[ 864  465  778  733  700  683  696 3707 3795 5589]
947,[4842 4895 5526 5734  369 1181 5283 4459 2540 3702]
948,[ 5123  5125  5127  5131  5132  5135  5136  5137  5102 10319]
949,[8167 9621  757 8383 8233  667  423  947  812  600]
950,[8892 9182 8991 8689 8911 9016 5495 8701 7705 5214]
951,[9314 8558 2393 9479 1813 9433 9447 9549 8832 5589]
952,[ 2066  2065  7631  7632  7633  2038  7661  2037  7665 10319]
953,[6123 3600 8106 3394 4681 7670 8104 7757 8228 8206]
954,[1835 7877 7878 1834 1833 1831 5776 3297 5772 5159]
955,[ 4820  4817  4811  4810  4809  4808  4807  4806  4804 10319]
956,[7464 7474 7728 7455 7161 7214 6976 7407 7051 7713]
957,[7647 7888 7880 7840 7627 7621 8077 7671 7668 7629]
958,[ 5489  5490  1131  3918  3917  5496  5497  5498  8771 10319]
959,[ 2194  2186  6639  2187  2188  2189  6634  2192  6640 10319]
960,[6117 6576 9591 6973 9593 3085 9595 9596 2252 7982]
961,[ 2094  2088  2087  2085  2084  2078  2074  2073  7229 10319]
962,[ 4552  4551  4550  4549  4548  4547  4546  4545  4498 10319]
963,[ 7965 10256  8318  7925  9528  8078  7710  1192  4879  1183]
964,[1235 4300 9552 9551 9550 4297 6056 3033 4298  730]
965,[ 2094  2088  2087  2085  2084  2078  2074  2073  7229 10319]
966,[7617 7904 8224 7597 7888 7880 7627 7621 7671 7668]
967,[4906  800  702 1093  781 2938 3795  594  398 1453]
968,[9207 4808 6060 2895 4505 3203 4650 2087 3226 5105]
969,[6584 2359 2361 2362 2363 2364 6577 6576 6573 5159]
970,[ 2074  2072  7625  2066  2065  7631  7632  7633  7661 10319]
971,[2992 3763 2216 2361 2653 3477 3171 3716 3487 2526]
972,[6950 5401 1400 5399 1397 6947 8316 6946 3456 2097]
973,[7055 7056 2298 2296 7062 7063 2293 7066 2292 5159]
974,[ 9771  8369  9639  9994 10033  9952  9631 10097  8117  2004]
975,[4428 4883 6446 5259 3016 4349 5331 8934 6300 2223]
976,[ 5224  5226  5227  5230  5232  5240  5248  5253  5193 10319]
977,[7689 7574 7530 7571 7529 7486 7465 7471 7455 3357]
978,[ 208  576  466 6789  772 1034 6976 7000  504  715]
979,[10256  9557  9913  9407 10097 10192  5462  4692  3150  2997]
980,[6564 8362 7597 7617 8416 7860 8364 7671 7668 7627]
981,[8258 9597 9947 1593 1483 9790 4753 9370 9366 9374]
982,[ 2084  7625  2078  2074  7631  7632  7633  2072  2065 10319]
983,[3203 1737 3594 1999 1480 1578 1442 1495 1554 1811]
984,[7501 7502 7503 7504 7505 7506 7507 7508 7485 2013]
985,[1244 5029 5145 1378 5178 7449 7453 5206 5219 5003]
986,[2196 7628 2193 2192 2189 7635 2188 7637 7620 7485]
987,[1381 8493 5721 2015 1812 1317 2068 1717 5319 4631]
988,[1141 1145 9024 3983 5960 9013 9010 9009 5947 8832]
989,[ 4667  4666  4663  4662  4659  4656  4650  4649  4647 10319]
990,[3702 5699 1107 1108 6570 4622 5687 6402 6052 6236]
991,[7332 3114 7270 7228 6619 6955 7355 6814 6784 7262]
992,[10276  8276  7116  2176  2203  6996  8341  6059  6768 10257]
993,[5287 5380 5275 5401 9433 9549  642 6572 3465 3054]
994,[ 1536  3717  8084  5275  1533  1532  1531  1530  1557 10319]
995,[4843 4842 4829 4828 4826 4822 4821 4820 4889 5159]
996,[ 671  203  394  574  684  673  469 1030  575  623]
997,[5072 1810 7543 7544 7545 7546 7547 7548 7534 7207]
998,[1525 2280 6155 1553 5844 4987 4284 6958 6184 6006]
999,[3148 3221 2644 3386 3399 3760 4352 5461 4925 3735]
1000,[1520 1519 5897 5896 8446 1516 8448 8449 8451 4649]
1001,[ 1830 10038 10255 10283 10244  9933 10138  9624  9405  9884]
1002,[ 5906  5905  5904  5903  5902  5901  5900  5898  5924 10319]
1003,[ 8017  8330  9749  9894  9623 10051 10265  9469  7700  7978]
1004,[6391 6388 6387 6385 6383 2129 2130 6378 6392 5159]
1005,[5173 5272 5146 5021 5037 7433 4700 4775 8734 8573]
1006,[ 7219  7225  7228  7229  2107  2104  7235  2097  2124 10319]
1007,[ 2066  7631  7632  7633  2065  7661  2038  2037  7665 10319]
1008,[6789 6771 6792 6582 7330 7362 9196 7183 7196 7211]
1009,[ 2104  7235  2097  2095  2088  2087  2085  2084  7225 10319]
1010,[ 6933  6934  6935  6942  6943  6944  2107  2104  2118 10319]
1011,[ 9569  5117  8269  4067 10033  1367  7709  5247  4972  8383]
1012,[ 6279  6278  6277  2236  2237  2239  6269  6268  6262 10319]
1013,[1942 6007 1945 1946 6003 6002 6001 6000 1941 5159]
1014,[ 7219  7225  7228  7229  2107  2104  7235  2097  2124 10319]
1015,[7056 6705 7285 7522 8048 7752 7608 2246 5475 5548]
1016,[ 6391  2097  6389  6386  6385  6383  2104  2107  6404 10319]
1017,[7003 7009 7010 7011 7012 7013 7014 7015 7017 2196]
1018,[1652 1880 1396 1262 1320 1296 1244 5480 2016 1275]
1019,[ 2094  2087  2085  2084  7625  2078  7631  7632  2074 10319]
1020,[9790 9911 8275 9900 7768 7745 8362 9921 9788 7469]
1021,[8735 7438 7439 7668 7671 7629 7463 7888 7880 7627]
1022,[ 6060  1924  9315  2270  1146 10073  2373  5020  5709  4477]
1023,[3724 3755 4507 3469 3573 3527 3002 3596 2455 3673]
1024,[ 4523  4522  4520  4519  4518  4516  4515  4514  4457 10319]
1025,[ 2120  6157  2123  2124  2125  2126  6151  6150  6161 10319]
1026,[7987 7900 7710 7860 8340 8229 9433 3755 9549 8341]
1027,[4692 5053 5102 5169 4915 4797 4834 5344 4856 4898]
1028,[ 9569  5171  9973  6651 10110  7130  6850  9497  3630  3466]
1029,[1221 1229 6705 9782 9426 9615 9443 9652 9736 7705]
1030,[370 941 101 842 392 282 414 439 339  48]
1031,[2308 2307 7050 7052 7053 7055 7056 2298 7062 5159]
1032,[ 7225  7228  7229  2107  7235  2104  2097  2095  2123 10319]
1033,[10112  9882 10021  9922 10036  9866  9580  9418  9877  9779]
1034,[ 8287  8027  8204 10048 10187 10080  7585  2519  7665  8369]
1035,[ 2104  7228  7229  7235  2097  2095  2094  2088  7218 10319]
1036,[8270 1698 8273 8274 1695 1694 6123 3382 6092 5159]
1037,[ 5490  3123  3918  3917  3124  2260  5496  5497  5499 10319]
1038,[ 2255  2256  2257  2258  2259  2260  6243  2261  6236 10319]
1039,[ 7229  2107  2104  7235  2097  2095  2094  2088  7218 10319]
1040,[ 5228  5229  5230  5232  5240  5248  5253  5257  5216 10319]
1041,[ 8515  3759  1348  8502  1347  5680  8508  8510  8500 10319]
1042,[ 7235  2097  2095  2094  2088  2087  2085  2084  7225 10319]
1043,[2279 8626 3871 5896 6152 1711 5947 5793 5819 5532]
1044,[7115 7121 7122 7125 7130 7137 2369 2368 2399 7362]
1045,[8398 5899 5897 1503 1502 5896 5895 8408 8416 1331]
1046,[9134 9185 9318 8785 9156 9018 8891 8622 9055 9050]
1047,[3418 1502 3430 2262 3374 2996 2995 3599 3221 2644]
1048,[9304 8318 5409 5408 8319 5734  527 4179 9752 5852]
1049,[ 5487  5489  5490  1131  6437  3918  5496  5497  5499 10319]
1050,[7129 7136 2312 2311 2309 2308 7146 7147 2133 5159]
1051,[1713 5223 5321 1883 3454 1593 4997 1242 5049 4087]
1052,[ 1462  3596  8054  3599  5330  8059  5329  3601  8033 10319]
1053,[7884 7480 8244 7473 7977 7761 7479 7616 8258 8038]
1054,[2000 5052 5282 1295 1317 1812 1297 1110 4854 1477]
1055,[  703 10276   900   805  5602 10204  8299  4588  5473  1014]
1056,[7486 7881 7524 7789 8298 7491 8290 7803 6243 7467]
1057,[ 7600  2104  2094  2087  2085  2084  7625  7631  7633 10319]
1058,[ 9899 10212  9652 10155  9579  9739  9480  9381  9663 10049]
1059,[ 6985  9781  1527  6850 10180  1477  3005  1453  9631 10033]
1060,[ 8521  8508  8510  1347  8515  8516  8517  8519  1348 10319]
1061,[9194 3396 8946 9173 7154 9049 2361 8955 8949 7427]
1062,[5145 3388 5143 3389 7543 7544 7545 7546 7548 8094]
1063,[ 9794 10002  9143  9859  9737  9982  7709  8167  5407  5511]
1064,[1814 3444 7543 7544 7545 7546 7547 7548 5073 7207]
1065,[1297 4885 4983 1483 5496 1701 1993 5087 5380 1317]
1066,[ 7218  7219  7225  7228  7229  2107  7235  2104  2125 10319]
1067,[1419 8314 8013 7875 7819 1196 1198 4879 9766 2007]
1068,[5682 5683 5684 6483 5688 1247 1248 5689 5677 8632]
1069,[1559 8370 1551 1548 5960 8381 8382 8383 8367 5159]
1070,[ 6944  2095  2094  6951  6952  2088  2087  2085  6932 10319]
1071,[10082  9807  9879  9665 10068  9932 10049 10310  8097 10110]
1072,[2368 5465 5078 4198  409 3965 5063  982  206 5210]
1073,[ 4159  4156  4155  4153  4151  4149  4148  4146  4167 10319]
1074,[ 2087  2085  2084  7625  2078  7631  7632  7633  2094 10319]
1075,[ 6676  6685  6683  6682  6681  6680  6679  6678  6684 10319]
1076,[6790 3485 3054 1668 1836 6809 3530 1145 1759 6861]
1077,[9583 3221 3039 2539 6845 5197 5037 3432 2433 2431]
1078,[3219 3371 4257 3547 3261 3388 3662 6759 3598 9312]
1079,[ 5227  5228  5229  5230  5232  5240  5248  5253  5206 10319]
1080,[7085 1286 7166 1165 4702 7935 7677 6593 3804 3603]
1081,[6768 7032 6786 6702 6900 7220 7006 6956 7396 7168]
1082,[ 8515  5685  8502  5680  8508  8510  1348  1347  8500 10319]
1083,[ 6735  6762  2156  2157  2158  2159  6741  6739  6761 10319]
1084,[ 7977  1780 10203  8317  7627  7621  2009  7668  7572  7945]
1085,[8268 8269 8270 8273 8274 1695 1694 3376 6192 5159]
1086,[4518 1394 1222 1420 1290 1695 2143 1510 1770 1453]
1087,[8837 8836 7576 8834 8833 8832 2193 2192 8865 6913]
1088,[6520 6160 5773 8837 6563 9279 4098 1782 4653 8667]
1089,[6341 6336 6335 6330 6329 6328 6327 2234 6346 5159]
1090,[1684 1683 1682 1681 1680 1677 1676 1675 1674 5159]
1091,[8148 7854 7877 7808 7837 7511 7812 8147 7848 7915]
1092,[8077 7512 7802 7969 7441 7510 7789 7519 9829 9515]
1093,[2348 2338 2335 7147 7148 7149 2334 7151 7124 5159]
1094,[ 5814  2618  3736  3802  6988  6955  3052  3546  9802 10027]
1095,[7204 6872 7712 7677 8011 8186 7988 7573 8307 6631]
1096,[ 8520  8510  1347  8514  8515  8516  8517  5680  1348 10319]
1097,[1597 3703 1782 9022 1950 1075 1117 1077 1492 9065]
1098,[1247 1248 7636 1250 3141 5694 7638 6480 5683 4635]
1099,[ 7777  7778  7779  7780  7781  7782  7783  3452  7772 10319]
1100,[ 1909  1910  6018  6017  6016  6015  1915  1916  1907 10319]
1101,[1698 8267 8268 8269 8270 3376 8273 8274 6096 5159]
1102,[8469 1813 8887 5079 4845 8804 6593 6596 8568 8433]
1103,[7557 7672 8295 7529 7574 7530 7689 8159 7465 7471]
1104,[1225 1102 5460 5271 4523 3414 4582 5049 2353 5033]
1105,[3051 3052 3693 3054 1251 1252 8837 8836 8834 5159]
1106,[2407 2408 2409 6670 2410 2411 2412 2413 6662 5159]
1107,[1716 1715 8034 8035 8036 1714 8040 1711 1728 4482]
1108,[ 9861 10030  7880  7888  7621  7627  7665  7734  7668  7671]
1109,[8267 8268 8269 8270 3376 8273 8274 1695 8316 5159]
1110,[2025 1509 1910 4646 9433 9549 9514 9479 1855 1488]
1111,[4601 4206 3516 3660 3751  568  840  879 1035  975]
1112,[ 6389  6386  6385  6383  2094  2095  2097  6373  6401 10319]
1113,[ 2283  6994  6995  6996  6997  6998  6999  7000  6974 10319]
1114,[5048  442  156  414  444  148  230  221  179 3005]
1115,[ 5755  5754  5753  5751  1973  5749  1975  5746  5743 10319]
1116,[6985 3041 3112 3124 2957 6059 3116 3288 3758 6052]
1117,[3427 1595 7966 1708 3518 3519 8358 7908 3054 7680]
1118,[3885 5643 8843 1221 5645 1224 5646 6469 6467 6951]
1119,[8140 8121 8305 8341 7819 8303 7710 8340 7456 6191]
1120,[6387 6385 6383 6378 2129 6376 2130 6373 6388 5159]
1121,[7540 7541 1065 7542 9011 3259 1755 3258 7527 9150]
1122,[ 7225  2107  7228  7229  2104  7235  2097  2095  2123 10319]
1123,[ 434 1346 1404 1919 1284  362  384  540  471  348]
1124,[1520 1519 1516 8409 3561 5899 3562 5897 5896 4619]
1125,[2218 2217 2216 7255 7261 2207 2205 2204 7246 7357]
1126,[ 4512  4511  4508  4507  4506  4505  4504  4503  4441 10319]
1127,[ 8519  1348  1347  8508  8510  8514  8515  8516  8502 10319]
1128,[1228 1605 5682 2010  670  892  800  702  656  883]
1129,[1972 1595 1823 8382 1379 1351 1212 1479 1413 2005]
1130,[ 6700  6714  6712  6711  6710  6707  2249  2251  6713 10319]
1131,[ 9561  8369 10259  9557  9788  9840 10038  9790    11  9647]
1132,[ 8273  4330  8196  7965 10122  8222  9502 10105 10076  7427]
1133,[ 4009  8989  1641  5905  3062  7688  5902  5901  8118 10319]
1134,[3821 3689 9912 8269 8216 7680 9417 9483 2847 9666]
1135,[7455 7448 6926 8071 7533 8254 8298 8212 8023 7486]
1136,[ 6793  6693  4718 10122  9771  7072  7214  8382  6917  6976]
1137,[ 6623  6640  2188  2189  6634  2192  2193  2194  6639 10319]
1138,[ 5847  5846  5845  5844  5843  5842  5840  2010  5871 10319]
1139,[5046 1014  834  988  311  532 7392 1117 1075 4777]
1140,[ 6288  6287  6279  6278  6277  6269  6268  2231  6262 10319]
1141,[8391 7440 8132 7777 8057 8478 9221 8803 9217 8751]
1142,[7382 7418 6786 7396 7168 7306 6702 6787 7115 1976]
1143,[7692 7612 7517 7787 7576 6722 7511 6820 8147 6903]
1144,[3104 3363 8748 7169 3475 1763 3264 1762 1280 1784]
1145,[ 1116 10250  1917  1421  1394  1507  1940  1487  1404  6948]
1146,[ 7228  7229  2107  2104  7235  2097  2095  2094  7212 10319]
1147,[ 4519  4518  4516  4515  4514  4513  4511  4508  4454 10319]
1148,[4721 2836 5038 8445 8537 5582 5021 5255 5132  642]
1149,[ 4366  4363  4360  4359  4358  4357  4356  4355  4351 10319]
1150,[1897 7694 1593 1517 1187 9763 1595 1072 1351 2009]
1151,[ 6392  6391  6389  6386  6385  2094  6383  2095  6404 10319]
1152,[ 2195  6639  2187  2188  6634  2189  2192  2193  2186 10319]
1153,[ 2097  2095  2094  6942  6943  6944  2088  6951  6925 10319]
1154,[1519 3562 8409 1516 5899 1511 8416 8417 5896 4619]
1155,[2222 2223 7937 2267 2268 2269 2270 2273 2199    0]
1156,[7930 1708 1705 1704 7938 7939 7946 7947 7926 2157]
1157,[1457 2671 3604 1754 7147 2949 3254 7169 3697 2150]
1158,[277 608 249 274 254 257 268 279 246 161]
1159,[6294 6293 2236 6291 6289 6287 6286 6285 6295 5159]
1160,[ 286  458 1012  604  965 6924  365  805  399  387]
1161,[7042 6743 6744 7133 3787 6778 6934 3064 2626 3013]
1162,[1595 4870 1577 4900 1680 1748 4821 2565 2610 2635]
1163,[1720 8027 7894 8210 1589 7719 7564 7661 7692 8185]
1164,[ 4826  4822  4810  4809  4808  4807  4806  4805  4848 10319]
1165,[ 366 8484  571 6395 9050 8442 6455 6328 2027 5617]
1166,[ 4235  4232  4231  4230  4227  4223  4220  4216  4213 10319]
1167,[ 7031  7032  7034  7035  7037  2312  7047  7048  7019 10319]
1168,[ 7328  8119  8120  8121  3062  8980  8979  8978  7322 10319]
1169,[ 9622  9374 10258  9420  9982  8167  8598  9874  5556  5337]
1170,[7345 7346 2416 2413 2412 2411 7355 7356 7298 5159]
1171,[3983 1141 9024 1145 5960 9013 9010 9009 5947 8832]
1172,[1691 8306 6047 6046 3468 6044 6043 6038 1690 4635]
1173,[3243 3144 3544 3485 3465 3513 3745 8975 2031 6572]
1174,[7947 7210 7115 7881 7530 7571 5643 7800 7462 8267]
1175,[5591 7355 5330 4798 5262 6627 7150 7390 3226 6763]
1176,[3380 3056 3128 4133 4228 4046  519 3992 1503 4455]
1177,[8238 7793 8029  627  358 7528 8030 7584 7658  899]
1178,[6593 6591 6590 6589 2238 6586 2240 2241 6592 5159]
1179,[2335 2334 2329 7147 7148 7149 7151 7152 8399 5159]
1180,[8845 2372 2366 2795 3597 1398 3648 2411 5866 3771]
1181,[1225 2000 1202 2025 1509 1940 2026 1855 1488 1621]
1182,[ 6401  6400  6398  6396  6395  6394  2104  6392  6421 10319]
1183,[3514 3472 2652 3689 3600 3092 2612 3427 3254 5049]
1184,[ 7228  7229  2107  2104  7235  2097  2095  2094  7212 10319]
1185,[7776 7687 8367 7499 7462 7749 7923 7536 7507 7477]
1186,[1430 1506 1141 9405 9466 1864 1594 1701 1761 1855]
1187,[ 4989  4983  4982  4981  4980  4979  4978  4972  4968 10319]
1188,[ 8519  5686  8508  8510  8514  8515  8516  8517  5685 10319]
1189,[ 7229  7235  2097  2095  2094  2088  2087  2085  2107 10319]
1190,[2334 2329 7147 7148 7149 2327 7151 7152 6562 5159]
1191,[6547 6546 6545 6543 6542 2329 2330 6535 6533 7133]
1192,[ 5227  5228  5229  5230  5232  5240  5248  5253  5206 10319]
1193,[ 2087  2085  2084  2078  2074  7625  2072  7631  7633 10319]
1194,[1315 7657 8101 7540 8144 7774 2711 1141 1902 2007]
1195,[ 664  350  749  335  417  475  813  672 1256 5343]
1196,[ 2094  2088  2087  2085  2084  2078  2074  2073  7229 10319]
1197,[ 2097  2095  2094  6942  6943  6944  2088  6951  6925 10319]
1198,[1430 1141 5401 5287 5145 4180 1461 1760 2007 5108]
1199,[9957 7925 8318 9483 7440 3583 3608 3807 3738 3493]
1200,[5720 1455 8539 5727 3853 5723 3854 1447 5728 3884]
1201,[ 7564  1584  3368  1582  1581  7569  7570  7571  7573 10319]
1202,[7500 7501 7502 7503 7504 7505 7506 7507 1816 5159]
1203,[2189 7858 6890 8957 2192 2193 1805 9597 3094 6105]
1204,[6803 2240 2246 2247 6809 6808 6807 6806 2241 5159]
1205,[2652 3600 1910 1519 3221 2644 1916 4970 4341 1775]
1206,[ 9574  9576  9831  7625  4052  9922 10036  9891  9941  9660]
1207,[ 2216  6639  2193  2194  2195  6634  2202  2203  2192 10319]
1208,[8490 7285 8027 8729 7545 6739 6767 5130 5092 5235]
1209,[ 8286  8287  8288  1274  6054  2425  5193  5192  8284 10319]
1210,[ 8381 10110  7769  7657  9913  9592 10155  4245  7453  8226]
1211,[ 6994  6995  6996  6997  6998  6999  7000  7001  6985 10319]
1212,[1779 1141 1506 1805 1225 1855 1701 7427 1346 1284]
1213,[8265 8267 8268 8269 8270 1698 8273 8274 6097 5159]
1214,[ 1594  5422  7976  7978  1591  5418  3465  1585  7971 10319]
1215,[6474 3296 3086 4610 1879 3863 3961 3935 1503 4200]
1216,[221 179 680 611 720 762 351 795 214 204]
1217,[4699 6854 9221 6763 1537 3050 4856 4898 4806 4803]
1218,[ 9562  9420  9411  9386  9470 10317 10186  5054 10040 10247]
1219,[8273 7860 7475 8311 8362 6631 7547 7710 7896 8013]
1220,[5608 3398 7955 5604 3401 5602 5601 7960 7948 4361]
1221,[3493 1662 8350 3494 8352 3497 6024 1656 8348 4635]
1222,[7530 7571 7574 7465 8083 6766 7382 5401 1508 5287]
1223,[1207 1805 1710 1837 3357 1212 1070 6809  808  823]
1224,[1489 1212 3812 1530 1363 8517 3465 2695 2623 3162]
1225,[9349 7708 8275 8273 9299 7939 8222 1490 7925 7585]
1226,[1279 8834 8833 6543 6542 1282 3097 8826 8843 4635]
1227,[1145 1800 1759 1836 1556 1148 1287 1081 1668 1989]
1228,[ 3764  3752  3754  3755  3756  3758  3759  3762  3753 10319]
1229,[ 8196  9488  8231  9647  8275  7992  7782  8273  7688 10303]
1230,[ 221  156  339 7865 9195 8152 8210 8167 7475 6705]
1231,[ 9840  8193  9533 10319  9877  9647  9883 10112  9418  9580]
1232,[7775 7885  625 7728  939  600  332  945  812  839]
1233,[5897 1524 1523 5895 1520 1519 5893 8446 8449 4645]
1234,[6391 6153 9780 4520 5305 5000 2373 5360 5810 4687]
1235,[7449 7799 7769 7670 7657 8339 8381 8393 8165 8216]
1236,[ 2104  2094  2087  2085  2084  7625  7631  7632  2078 10319]
1237,[ 772 5275 4968 4858 4980 4996 4866  576 5014  283]
1238,[ 2094  2088  2087  2085  2084  2078  2074  2073  7229 10319]
1239,[7937 8256 7665 7734 7739 7834 1088 7924 7784 3600]
1240,[6395 8070 2133 1014  988  532  834  311 5548 5475]
1241,[ 8524  8514  8516  8517  8519  8520  8521  8522  8515 10319]
1242,[6387 6385 6383 2129 2130 6378 6376 2133 6388 5159]
1243,[ 8521  5670  8514  8515  8516  8517  5666  8519  8510 10319]
1244,[6391 2129 6388 6387 2130 6385 6383 2133 6392 5159]
1245,[ 5062  5057  5056  5055  5054  5053  5052  5051  5063 10319]
1246,[1202  574  673  469 8989 1526 1030 5342  575  570]
1247,[6366 1247 1485 2034 1113 7496 2676 6160 6529 6466]
1248,[ 2301  6666  6659  2293  2296  6654  6651  2299  2291 10319]
1249,[ 5226  5227  5228  5229  5230  5232  5240  5248  5200 10319]
1250,[6785 2249 6793 6792 6790 6789 2251 6787 6794 5159]
1251,[9582 9790 9631 9480 9647 9579 9736 9782 9443 9739]
1252,[ 9832  9889  9569  9953 10107  9761 10033  9874  9658  7899]
1253,[1901 1779 1467 1072 1124 1227 1506 1864  778  700]
1254,[ 4977  4968  4967  4966  4964  4963  4962  4961  4958 10319]
1255,[ 3217 10253 10206  9684  9425  9698 10256  1760  1392  1965]
1256,[1300 6191 1167 1421 5822 5238 3544 1221 3708 3506]
1257,[ 4031  2968  9972 10284  3481  9586  2644  8711  2171 10282]
1258,[1485 1132 1923 3466 1183 2015 1214 1204 3707 3795]
1259,[ 1941  5925  5924  5923  5922  5921  5920  5919  5928 10319]
1260,[ 2087  2085  2084  7625  2078  7631  7632  7633  2072 10319]
1261,[6363 6362 2234 6360 6359 6358 6357 2235 2236 7045]
1262,[1468  775 8114 1720 1235 7784 1725 2009 7629 7516]
1263,[9895 7777 6996 7116 3804 6006 3530 7712 8231 3465]
1264,[ 9562  7895 10132  7571  8310  9012  9662  8563  5054  9625]
1265,[1941 1251 8024 7574 7529 7530 7465 7471 7455 7689]
1266,[ 2084  2078  7625  2074  2072  7631  7632  2066  7661 10319]
1267,[ 762  351 8280 7745 7799 8136 8633 7462 8192 8231]
1268,[7091 6956 4827 7029 6979 7006 6922 6768 3530 3054]
1269,[2366 8204 7598 3381 7723 1924 2895 5619 5253 3111]
1270,[8141 5075 1212 1530 8385 3286  162 3612 3680 3726]
1271,[1762 8265 8064 7616 7475 7707 7597 7627 7621 7668]
1272,[7922 7923 7924 7925 7926 7927 5669 5668 7917 5159]
1273,[8392 8070 4985  439  156  221  282  392 2415  339]
1274,[3902 2026 6854 1463 1098 9221 8654 9217 8803 1404]
1275,[6322 7482 8210 7564 7894   10 7661 7692 8185 7719]
1276,[10257  7683  8255  9766  1760  1532  1461  1469  7891  8236]
1277,[9040 9325 9142 8701 8939 8892 9112 8974 9242 8771]
1278,[1295 1802 1434 1092 2312 1890 1775 1566 1594 1916]
1279,[ 6432  8887  8863  9314  8417  8484 10279  9532  9489  9179]
1280,[ 7000  7001  7002  7008  7009  2260  2259  2258  6995 10319]
1281,[7576 7881 7485 7992 7465 7730 7728 7957 7988 7712]
1282,[7709 1858 1367 9576 9831 9912 8269 8216 9483 9417]
1283,[5016 4926 4738 5079 4845 8636 8756 8558 2393 8879]
1284,[10256  3176  7400  9375  9989  6890  3798  7291  7384  7082]
1285,[ 4684  4675  4674  4665  4660  4658  4657  4655  4687 10319]
1286,[ 7229  2097  2095  7235  2094  2088  2087  2085  7219 10319]
1287,[8136 1621 1805 1176 1214 7473 7480 7479 1346 1284]
1288,[ 2062  2065  2066  6490  6489  6487  6484  6482  2097 10319]
1289,[10101  9783  9645  9840 10099  9744  9491 10109 10319  9528]
1290,[3315 3116 6687 7179 7415 6806 6636 3318 3392 2664]
1291,[ 1131   364  9557 10250   198   701   376  1760  1461  1997]
1292,[ 1131  5487  3918  5489  5490  3917  2260  2259  5496 10319]
1293,[ 3596  3599  8051  3601  8054  1447  5311  8059  5307 10319]
1294,[ 6930  6931  6932  6933  6934  6935  6940  6945  6075 10319]
1295,[ 1629  3418  1627  1626  1625  7562  7563  7564  7549 10319]
1296,[7440 8142 8376 9188 1255 8036 7879 7678 2007 1120]
1297,[ 1108 10168 10035  4972  8383  8108  7824  1475  1370  1373]
1298,[ 2087  2085  2084  7625  2078  2074  7631  7632  2072 10319]
1299,[ 343  203 1251 1221 1063 4559  912 5014 5092 5130]
1300,[1523 1520 1519 8409 3561 1516 3562 5899 8416 4619]
1301,[ 4381  4380  4378  4377  4375  4374  4373  4368  4389 10319]
1302,[ 518  489  464  507  618 7830 8008 7453 7443 7458]
1303,[2208 6710 5471 2253 1607 5224 2185 7204 2915 2529]
1304,[ 8517  1348  1347  8508  5680  8510  8514  8515  8502 10319]
1305,[10190  9807 10303 10038 10247  9761 10116 10264 10169 10142]
1306,[7977 8070 9734 7516 7572 8224 7597 7621 7627 7668]
1307,[7964 7550 8232 8393 7971 7794 7563 8165 7895 4168]
1308,[6608 7053 7350 6702 7006 7210 6786 7168 6943 3382]
1309,[ 9957  1413  1615  9835 10101  9864  9439  9410  9891  9563]
1310,[ 6985  6991  6994  6995  6996  6997  6998  6999  2393 10319]
1311,[ 4858  4857  4856  4855  4854  4853  4852  4851  4849 10319]
1312,[ 4929  4927  4924  4920  4919  4917  4916  4915  4913 10319]
1313,[ 5499  3124  3125  6437  3918  3917  1148  1149  8771 10319]
1314,[1597 2025 1855 1509 1621 1488 1805 1810 1284 1083]
1315,[6289 6288 2089 6284 6280 6279 6276 6275 6290 6970]
1316,[7854 7677 7712 8398 8176 1514 1442 7541 7775 7485]
1317,[7453 8219 7472 7556 8377 8136 7768 7977 8381 8258]
1318,[ 7657 10097  7552  1551  1084  2007  8288  9142  1196  8381]
1319,[ 4010  4009  8121  7688  1641  3062  8980  8979  1645 10319]
1320,[1227  892 8226  807  811  883  656 7453 1029 1019]
1321,[ 483  574  684  385  671 1047 1760 1991 1392 1997]
1322,[ 8326  9165  8002 10124  7354  6894  7213  6902  7106  7987]
1323,[ 4322  4321  4320  4318  4317  4316  4315  4313  4329 10319]
1324,[1593 1456 1479 1379 1595 1923 2015 3026 1972 1184]
1325,[6225 6224 6223 6222 6221 6220 6219 6218 6226 5159]
1326,[4580 9110 8588 9256 8633 8914 7183 7388 5337 7152]
1327,[4381 2311 2162 4130 2981 4006 3895 3990  212 3991]
1328,[ 811  594  656 1124 1359 1997 1965  884  812 2007]
1329,[9827 7682 7848 4718 7444 7878 7514 7850 7809 1245]
1330,[ 2066  6490  6489  6487  6484  6482  2072  2073  2104 10319]
1331,[2338 2335 2334 7147 7148 7149 2329 7151 7122 5159]
1332,[ 9231  9915  1813  8863  6432  8804  9404 10247  8417  9179]
1333,[ 8484  6395  8225  9050  7783  7929  7780  8442  3050 10313]
1334,[ 9619  9360  9451 10096  8880  9270  9410  9891  9660 10227]
1335,[4938  625 5029  812 2406 5009  674  939  945  600]
1336,[ 8519  1348  5680  8508  8510  8514  8515  8516  1347 10319]
1337,[ 4624  4623  4622  4621  4620  4619  4618  4617  4628 10319]
1338,[3298 6803 8152 8390 7538 6943 7651 6726 7342 6596]
1339,[5960 9013 9010 9009 9006 1174 8991 1176 9024 8832]
1340,[7435 7651 7842 8299 7837 8364 8147 7770 7576 7692]
1341,[7923 7783 4980 4996 7929 7795 2575 2623 2848 2434]
1342,[9844 9557 7650 8827 9790 9555 9896 8258 9582 9647]
1343,[1127 1812 1317 1571 1300 1491 1274 7795 1228 7462]
1344,[3541 1515 3542 1513 3543 5394 8351 1510 2461 6388]
1345,[ 5540  5539  5538  5537  5536  5535  5534  5533  1622 10319]
1346,[8434 1523 5896 5895 1520 1519 5893 1516 8446 1374]
1347,[ 6995  6996  6997  6998  6999  7000  7001  7002  6985 10319]
1348,[ 8521  8508  5666  8514  8515  8516  8517  8519  8510 10319]
1349,[5488 5484 1687 8002 8003 8004 8006 8007 8009 7357]
1350,[ 2095  2094  2088  2087  2085  2084  2078  2074  7228 10319]
1351,[1716 1715 1714 8040 3664 3665 8043 8044 8022 4482]
1352,[8265 8267 8268 8269 8270 3376 1695 8273 6092 5159]
1353,[7854 7940 7877 8081 7644 8035 7520 7847 9817 8057]
1354,[ 7228  7229  2107  7235  2104  2097  2095  2094  7212 10319]
1355,[ 7228  7229  2104  7235  2097  2095  2094  2088  7218 10319]
1356,[7586 8320 8087 7747 9406 8075 8268 7477 8610 8688]
1357,[ 5224  5226  5227  5228  5229  5230  5232  5240  5193 10319]
1358,[7500 5585 8782 8781 7501 7502 7503 3933 8791 2355]
1359,[1864 1141 1506 1246 1551 1474   22  128 9941 8517]
1360,[ 5602  1785  1786  1787  1791  1792  1793  5590  5620 10319]
1361,[ 6680  6691  6687  2186  6685  6684  6683  6682  6690 10319]
1362,[ 4441  4439  4437  4436  4434  4433  4432  4431  4963 10319]
1363,[7930 1709 1708 1705 1704 7938 7939 7946 7926 2159]
1364,[ 7179  9489  2528 10154 10282  8723  3660 10284  3481  7194]
1365,[2471 2470 2469 2468 6937 2467 2466 6940 2413 5159]
1366,[ 5949  8620  9972  9424  6669  3338  5478  5077 10284  9586]
1367,[4653 1833 7062 1834 7060 7059 7058 1835 7073 3778]
1368,[ 3940  3957  3960  3961  3962  3963  3964  3965  3958 10319]
1369,[ 9836 10226 10261  9845  9911 10100 10221  3662  3678  3938]
1370,[ 5068  5067  5064  5063  5062  5057  5056  5055  5069 10319]
1371,[ 4961  4960  1622  1621  4959  4958  4952  7499  1629 10319]
1372,[ 4961  4960  4959  4958  1622  1621  4952  7499  4964 10319]
1373,[9410  939  600  945  812  423 2393 9941 9891 5337]
1374,[ 2104  2094  2087  2085  2084  7625  2078  7631  7633 10319]
1375,[ 7900  7987  6400 10124  6456 10176  9973  9433  9447  9514]
1376,[1126 1549 1362  667  423  947  332  600  839  812]
1377,[ 5123  5125  5127  5131  5132  5135  5136  5137  5102 10319]
1378,[7130 2338 2335 2334 7147 7148 7149 7151 2757 5159]
1379,[7212 7128 7355 7105 6988  673  469  570  623 1030]
1380,[ 4747  4746  4745  4744  4743  4742  4740  4739  4757 10319]
1381,[6570 8027 7661 8305 8210 8185 7456 8340 8303 7894]
